timestamp,rssi1,rssi2,rssi3,rssi4,linear-x,linear-y,linear-z,gravity-x,gravity-y,gravity-z,rotation-x,rotation-y,rotation-z,rotation-w
1594967687274,-54,0,0,0,-0.0064,-0.0747,0.5414,0.46769997,4.2563,8.8223,0.177521,0.136634,0.675246,0.702751
1594967687290,-54,0,0,0,-0.0064,-0.0747,0.5414,0.46769997,4.2563,8.8223,0.177521,0.136634,0.675246,0.702751
1594967687303,-54,0,0,0,0.21599999,0.042,0.2783,0.4904,4.2572,8.8207,0.178331,0.135888,0.67549497,0.702451
1594967687316,-54,0,0,0,0.0626,0.063599996,0.1353,0.4967,4.2651,8.8165,0.178925,0.135885,0.675162,0.70261997
1594967687328,-54,0,0,0,0.0626,0.063599996,0.1353,0.4967,4.2651,8.8165,0.178925,0.135885,0.675162,0.70261997
1594967687340,-54,0,0,0,0.0806,0.0968,0.1285,0.49839997,4.2711,8.813499,0.179231,0.136044,0.675084,0.702587
1594967687352,-54,0,0,0,0.0308,0.0858,0.2953,0.49839997,4.2711,8.813499,0.178967,0.1364,0.67497,0.702695
1594967687364,-54,0,0,0,0.0308,0.0858,0.2953,0.48929998,4.2722,8.813499,0.178967,0.1364,0.67497,0.702695
1594967687377,-54,0,0,0,0.1096,0.0893,0.28849998,0.489,4.2785997,8.8104,0.1792,0.136667,0.674965,0.702589
1594967687392,-54,0,0,0,0.1096,0.0893,0.28849998,0.489,4.2785997,8.8104,0.1792,0.136667,0.674965,0.702589
1594967687409,-54,0,0,0,0.1511,0.1118,-0.056399997,0.48659998,4.2953,8.8024,0.179847,0.13731,0.674506,0.702738
1594967687426,-54,0,0,0,0.17989999,0.036,-0.45949998,0.49719998,4.332,8.7838,0.181799,0.138183,0.67368,0.702857
1594967687442,-54,0,0,0,0.0242,-0.058399998,-0.0256,0.4861,4.3381,8.7814,0.181671,0.1388,0.673507,0.702935
1594967687459,-54,0,0,0,-0.0782,-0.115499996,0.3057,0.46109998,4.3168,8.7933,0.179929,0.138888,0.673559,0.703316
1594967687476,-54,0,0,0,-0.060999997,-0.1331,0.3184,0.4439,4.3245997,8.790299,0.179624,0.139826,0.673471,0.703291
1594967687493,-54,0,0,0,-0.060999997,-0.1331,0.3184,0.4439,4.3245997,8.790299,0.179624,0.139826,0.673471,0.703291
1594967687505,-54,0,0,0,-0.085099995,-0.118999995,-0.116,0.4287,4.3399997,8.7835,0.179737,0.140916,0.673099,0.70340097
1594967687518,-54,0,0,0,-0.0976,-0.0232,-0.3604,0.42159998,4.3619,8.773,0.180443,0.141914,0.672497,0.703596
1594967687532,-54,0,0,0,-0.0976,-0.0232,-0.3604,0.42159998,4.3619,8.773,0.180443,0.141914,0.672497,0.703596
1594967687545,-54,0,0,0,-0.16309999,-0.0363,-0.35009998,0.3988,4.3847,8.7627,0.180634,0.143518,0.671817,0.703871
1594967687558,-54,0,0,0,-0.1936,-0.085099995,-0.1647,0.3803,4.3845997,8.763599,0.180091,0.144038,0.671169,0.704521
1594967687572,-54,0,0,0,-0.1936,-0.085099995,-0.1647,0.3803,4.3845997,8.763599,0.180091,0.144038,0.671169,0.704521
1594967687585,-54,0,0,0,-0.1739,-0.107499994,0.0069999998,0.3507,4.3775,8.7683,0.178776,0.144829,0.67103,0.704827
1594967687599,-54,0,0,0,-0.121599995,-0.1187,0.066,0.33769998,4.3789,8.7681,0.178434,0.145285,0.670669,0.705163
1594967687612,-54,0,0,0,-0.121599995,-0.1187,0.066,0.33769998,4.3789,8.7681,0.178434,0.145285,0.670669,0.705163
1594967687625,-54,0,0,0,-0.1161,-0.099,0.036,0.3223,4.3788,8.7687,0.177893,0.145841,0.670586,0.705264
1594967687639,-54,0,0,0,-0.0504,-0.0853,-0.3044,0.3155,4.3848,8.766,0.177983,0.146204,0.670057,0.705669
1594967687652,-54,0,0,0,-0.0504,-0.0853,-0.3044,0.3155,4.3848,8.766,0.177983,0.146204,0.670057,0.705669
1594967687666,-54,0,0,0,0.0014,-0.0393,-0.1955,0.3028,4.3877997,8.764999,0.17762999,0.14682099,0.670125,0.705565
1594967687680,-54,0,0,0,-0.0896,-0.052199997,0.0263,0.2958,4.381,8.7685995,0.177211,0.146698,0.669661,0.706137
1594967687693,-54,0,0,0,-0.0896,-0.052199997,0.0263,0.2958,4.381,8.7685995,0.177211,0.146698,0.669661,0.706137
1594967687707,-54,0,0,0,-0.073,-0.0603,0.0743,0.289,4.3793,8.7697,0.176826,0.146976,0.670024,0.705831
1594967687720,-54,0,0,0,0.0713,-0.0067999996,-0.1484,0.2918,4.3847,8.7669,0.177178,0.147027,0.669792,0.705952
1594967687733,-54,0,0,0,0.0713,-0.0067999996,-0.1484,0.2918,4.3847,8.7669,0.177178,0.147027,0.669792,0.705952
1594967687747,-54,0,0,0,0.1258,0.049799997,-0.3233,0.30589998,4.4065,8.7555,0.178551,0.147352,0.669696,0.705629
1594967687760,-54,0,0,0,0.16239999,0.11,-0.1964,0.3085,4.4051,8.7561,0.178562,0.147234,0.669836,0.705519
1594967687773,-54,0,0,0,0.129,0.12459999,-0.0565,0.3085,4.4051,8.7561,0.178906,0.147278,0.669806,0.70545
1594967687786,-54,0,0,0,0.129,0.12459999,-0.0565,0.3125,4.4102,8.7534,0.178906,0.147278,0.669806,0.70545
1594967687800,-54,0,0,0,0.0841,0.0874,0.0795,0.3084,4.4080997,8.7546,0.178673,0.147354,0.669827,0.705473
1594967687813,-54,0,0,0,0.0841,0.0874,0.0795,0.3084,4.4080997,8.7546,0.178673,0.147354,0.669827,0.705473
1594967687826,-54,0,0,0,-0.0029,0.0128,-0.0645,0.30719998,4.414,8.751599,0.178925,0.147558,0.669517,0.705661
1594967687839,-54,0,0,0,-0.0894,-0.0285,-0.15169999,0.30539998,4.4163,8.7506,0.179016,0.147633,0.669181,0.705941
1594967687852,-54,0,0,0,-0.0894,-0.0285,-0.15169999,0.30539998,4.4163,8.7506,0.179016,0.147633,0.669181,0.705941
1594967687866,-54,0,0,0,-0.1056,0.009,-0.0729,0.2922,4.4179,8.750199,0.178664,0.148123,0.668879,0.706214
1594967687880,-54,0,0,0,-0.1061,0.0128999995,-0.026099999,0.2829,4.4139,8.7525,0.178215,0.148268,0.668704,0.706463
1594967687894,-54,0,0,0,-0.1117,-0.102199994,-0.1651,0.2689,4.4115,8.7542,0.177667,0.14864,0.668456,0.706757
1594967687907,-54,0,0,0,-0.1117,-0.102199994,-0.1651,0.2689,4.4115,8.7542,0.177667,0.14864,0.668456,0.706757
1594967687921,-54,0,0,0,-0.1582,-0.1525,-0.0567,0.26639998,4.4128,8.7536,0.177603,0.148811,0.668563,0.706636
1594967687933,-54,0,0,0,-0.1582,-0.1525,-0.0567,0.26639998,4.4128,8.7536,0.177603,0.148811,0.668563,0.706636
1594967687947,-54,0,0,0,-0.1551,-0.20099999,0.07,0.2534,4.3925,8.7642,0.176305,0.148547,0.6688,0.706792
1594967687960,-54,0,0,0,-0.1002,-0.1501,0.14739999,0.24759999,4.3907,8.7652,0.175942,0.148791,0.66919297,0.70646
1594967687973,-54,0,0,0,-0.1002,-0.1501,0.14739999,0.24759999,4.3907,8.7652,0.175942,0.148791,0.66919297,0.70646
1594967687986,-54,0,0,0,-0.0354,-0.080699995,-0.098299995,0.24159999,4.3898997,8.7657995,0.175637,0.14905299,0.669469,0.706218
1594967688000,-54,0,0,0,-0.084199995,-0.0875,-0.3008,0.24129999,4.3968,8.7624,0.1758,0.14945,0.669906,0.705679
1594967688014,-54,0,0,0,-0.1256,-0.11,-0.3094,0.23369999,4.3996,8.7612,0.175629,0.149856,0.669923,0.70562
1594967688027,-54,0,0,0,-0.1256,-0.11,-0.3094,0.23369999,4.3996,8.7612,0.175629,0.149856,0.669923,0.70562
1594967688040,-54,0,0,0,-0.085499994,-0.0844,-0.1064,0.2329,4.3937,8.7641,0.175267,0.149772,0.67042,0.705255
1594967688053,-54,0,0,0,-0.085499994,-0.0844,-0.1064,0.2329,4.3937,8.7641,0.175267,0.149772,0.67042,0.705255
1594967688067,-54,0,0,0,-0.0356,-0.0075999997,0.0069999998,0.232,4.3855,8.7683,0.174809,0.149605,0.670946,0.704905
1594967688081,-54,0,0,0,0.067,0.0134,-0.0817,0.23709999,4.384,8.7689,0.17483,0.149477,0.67145,0.704446
1594967688095,-54,0,0,0,0.020399999,0.0122,-0.0711,0.2445,4.3852,8.7681,0.175083,0.149316,0.671728,0.704152
1594967688109,-54,0,0,0,0.020399999,0.0122,-0.0711,0.2445,4.3852,8.7681,0.175083,0.149316,0.671728,0.704152
1594967688121,-54,0,0,0,0.0875,-0.0611,0.0832,0.2461,4.3801,8.770599,0.174831,0.149186,0.672271,0.703724
1594967688134,-54,0,0,0,0.1497,-0.035099998,0.2911,0.2525,4.3638997,8.7785,0.174301,0.148458,0.67294997,0.703361
1594967688147,-54,0,0,0,0.1497,-0.035099998,0.2911,0.2525,4.3638997,8.7785,0.174301,0.148458,0.67294997,0.703361
1594967688160,-54,0,0,0,0.14379999,0.0132,0.1196,0.24859999,4.3743997,8.773399,0.17443,0.14918,0.673569,0.702582
1594967688173,-54,0,0,0,0.035299998,0.0565,-0.4364,0.24859999,4.3743997,8.773399,0.175513,0.150074,0.673128,0.702545
1594967688187,-54,0,0,0,0.035299998,0.0565,-0.4364,0.24919999,4.3996997,8.7607,0.175513,0.150074,0.673128,0.702545
1594967688201,-54,0,0,0,0.017099999,0.0213,-0.4678,0.2478,4.3957,8.7627,0.17520499,0.150088,0.673613,0.702154
1594967688213,-54,0,0,0,-0.0535,-0.073,0.0694,0.2401,4.3725,8.7746,0.173972,0.149508,0.673908,0.702302
1594967688228,-54,0,0,0,-0.0535,-0.073,0.0694,0.2401,4.3725,8.7746,0.173972,0.149508,0.673908,0.702302
1594967688241,-54,0,0,0,-0.0404,-0.119899996,0.3576,0.2368,4.3605,8.7806,0.173362,0.149187,0.674068,0.702367
1594967688255,-54,0,0,0,0.08,-0.0229,0.2357,0.2437,4.3517,8.7848,0.173178,0.148686,0.67454,0.702066
1594967688268,-54,0,0,0,0.08,-0.0229,0.2357,0.2437,4.3517,8.7848,0.173178,0.148686,0.67454,0.702066
1594967688280,-54,0,0,0,0.027099999,-0.009099999,-0.104399994,0.24759999,4.3575997,8.7817,0.17354,0.148784,0.674558,0.701938
1594967688293,-54,0,0,0,0.041899998,-0.030199999,-0.3144,0.24759999,4.3575997,8.7817,0.174151,0.149054,0.674545,0.701742
1594967688304,-54,0,0,0,0.041899998,-0.030199999,-0.3144,0.2525,4.3689,8.776,0.174151,0.149054,0.674545,0.701742
1594967688317,-54,0,0,0,-0.0175,-0.0041,-0.14109999,0.2531,4.3624,8.7792,0.173901,0.148797,0.67466,0.701748
1594967688329,-54,0,0,0,-0.0175,-0.0041,-0.14109999,0.2531,4.3624,8.7792,0.173901,0.148797,0.67466,0.701748
1594967688340,-54,0,0,0,0.0446,-0.023599999,0.099199995,0.2595,4.3524,8.783999,0.173689,0.14823,0.674978,0.701614
1594967688351,-54,0,0,0,0.0446,-0.023599999,0.099199995,0.2595,4.3524,8.783999,0.173689,0.14823,0.674978,0.701614
1594967688363,-54,0,0,0,0.0779,-0.0018,0.1572,0.26549998,4.3501997,8.7849,0.17383,0.147906,0.67493,0.701694
1594967688374,-54,0,0,0,0.0433,0.0011999999,0.1068,0.2707,4.3472,8.7862,0.173878,0.147616,0.675051,0.701627
1594967688386,-54,0,0,0,0.0433,0.0011999999,0.1068,0.2707,4.3472,8.7862,0.173878,0.147616,0.675051,0.701627
1594967688397,-54,0,0,0,0.0758,0.0534,0.085499994,0.2676,4.344,8.7879,0.173673,0.14756499,0.674893,0.70184
1594967688408,-54,0,0,0,0.0758,0.0534,0.085499994,0.2676,4.344,8.7879,0.173673,0.14756499,0.674893,0.70184
1594967688420,-54,0,0,0,0.022599999,0.052899998,0.056199998,0.2619,4.3445,8.7878,0.173495,0.147793,0.674871,0.701858
1594967688431,-54,0,0,0,0.022599999,0.052899998,0.056199998,0.2619,4.3445,8.7878,0.173495,0.147793,0.674871,0.701858
1594967688443,-54,0,0,0,-0.0202,0.012,0.0078,0.25579998,4.3462,8.7872,0.173358,0.148066,0.67477,0.701932
1594967688455,-54,0,0,0,0.020299999,-0.0123,-0.029,0.25439999,4.351,8.7848,0.173542,0.148251,0.674519,0.702088
1594967688466,-54,0,0,0,0.020299999,-0.0123,-0.029,0.25439999,4.351,8.7848,0.173542,0.148251,0.674519,0.702088
1594967688478,-54,0,0,0,-0.0545,-0.0363,-0.1839,0.2509,4.3554,8.7828,0.173665,0.148463,0.674129,0.702387
1594967688490,-54,0,0,0,-0.0545,-0.0363,-0.1839,0.2509,4.3554,8.7828,0.173665,0.148463,0.674129,0.702387
1594967688501,-54,0,0,0,-0.0099,0.01,-0.19749999,0.2455,4.3677998,8.7768,0.17401999,0.149077,0.67376,0.702523
1594967688512,-54,0,0,0,0.014099999,0.0011999999,-0.22749999,0.2455,4.3677998,8.7768,0.173908,0.149103,0.673349,0.70294
1594967688523,-54,0,0,0,0.014099999,0.0011999999,-0.22749999,0.241,4.3668,8.7774,0.173908,0.149103,0.673349,0.70294
1594967688534,-54,0,0,0,-0.0585,-0.0385,-0.109699994,0.23529999,4.3673,8.7772,0.173778,0.149276,0.67308,0.703193
1594967688546,-54,0,0,0,-0.0585,-0.0385,-0.109699994,0.23529999,4.3673,8.7772,0.173778,0.149276,0.67308,0.703193
1594967688559,-54,0,0,0,-0.0587,-0.0652,-0.1013,0.23539999,4.3645997,8.7786,0.173755,0.149071,0.672729,0.703577
1594967688571,-54,0,0,0,-0.0587,-0.0652,-0.1013,0.23539999,4.3645997,8.7786,0.173755,0.149071,0.672729,0.703577
1594967688584,-54,0,0,0,-0.0184,-0.070599996,-0.074099995,0.23439999,4.3602,8.7808,0.173566,0.148911,0.672644,0.703739
1594967688598,-54,0,0,0,-0.037,-0.035299998,-0.027999999,0.2333,4.3543,8.7838,0.17337699,0.148628,0.672294,0.70418
1594967688612,-54,0,0,0,-0.037,-0.035299998,-0.027999999,0.2333,4.3543,8.7838,0.17337699,0.148628,0.672294,0.70418
1594967688637,-54,0,0,0,-0.0150999995,0.019,0.0967,0.2311,4.3489,8.7865,0.173081,0.14850199,0.67233,0.704245
1594967688650,-54,0,0,0,-0.0541,-0.0218,0.0093,0.23079999,4.3506,8.7856,0.173128,0.148595,0.672381,0.704165
1594967688663,-54,0,0,0,-0.0506,-0.0066,-0.1356,0.22729999,4.3550997,8.7835,0.173198,0.148875,0.672254,0.70421
1594967688675,-54,0,0,0,-0.0482,-0.0155,-0.057699997,0.22489999,4.3540998,8.7841,0.17302799,0.148978,0.672463,0.70403
1594967688688,-54,0,0,0,-0.0482,-0.0155,-0.057699997,0.22489999,4.3540998,8.7841,0.17302799,0.148978,0.672463,0.70403
1594967688700,-54,0,0,0,-0.0519,0.024999999,0.0296,0.2189,4.3528,8.7849,0.172754,0.149156,0.672481,0.704043
1594967688712,-54,0,0,0,-0.0707,-0.029399998,0.022499999,0.2189,4.3528,8.7849,0.172816,0.149546,0.673035,0.703415
1594967688724,-54,0,0,0,-0.0707,-0.029399998,0.022499999,0.218,4.3582997,8.7822,0.172816,0.149546,0.673035,0.703415
1594967688736,-54,0,0,0,-0.0019999999,-0.0047999998,-0.0633,0.2179,4.363,8.779799,0.172983,0.149756,0.67309,0.703277
1594967688749,-54,0,0,0,-0.0019999999,-0.0047999998,-0.0633,0.2179,4.363,8.779799,0.172983,0.149756,0.67309,0.703277
1594967688762,-54,0,0,0,0.0103,0.012399999,-0.1308,0.2154,4.3654,8.7787,0.172915,0.15002,0.673388,0.702952
1594967688775,-54,0,0,0,-0.049399998,-0.030399999,0.022699999,0.2066,4.3592,8.782,0.172319,0.150153,0.673592,0.702875
1594967688789,-54,0,0,0,-0.049399998,-0.030399999,0.022699999,0.2066,4.3592,8.782,0.172319,0.150153,0.673592,0.702875
1594967688803,-54,0,0,0,-0.0321,0.0089,0.1303,0.199,4.3589997,8.7823,0.171954,0.150524,0.673984,0.702509
1594967688819,-54,0,0,0,0.0481,0.0545,-0.13759999,0.1972,4.3722997,8.7757,0.172397,0.151128,0.673972,0.702282
1594967688834,-54,0,0,0,0.0481,0.0545,-0.13759999,0.1972,4.3722997,8.7757,0.172397,0.151128,0.673972,0.702282
1594967688850,-54,0,0,0,0.019299999,0.011,-0.26299998,0.19649999,4.3766,8.7736,0.172544,0.151318,0.673939,0.702236
1594967688865,-54,0,0,0,-0.0901,-0.019399999,-0.115499996,0.1884,4.3777,8.7732,0.172319,0.151636,0.673802,0.702355
1594967688880,-54,0,0,0,-0.1529,-0.099599995,0.12539999,0.18249999,4.3696,8.7774,0.171826,0.151496,0.673672,0.70263
1594967688893,-54,0,0,0,0.0449,-0.012,0.1797,0.18249999,4.3696,8.7774,0.171281,0.151339,0.674265,0.702228
1594967688906,-54,0,0,0,0.0449,-0.012,0.1797,0.18069999,4.3603997,8.782,0.171281,0.151339,0.674265,0.702228
1594967688919,-54,0,0,0,0.1336,0.0039,0.0736,0.1803,4.3641,8.7802,0.171368,0.151548,0.674446,0.701988
1594967688933,-54,0,0,0,0.1336,0.0039,0.0736,0.1803,4.3641,8.7802,0.171368,0.151548,0.674446,0.701988
1594967688947,-54,0,0,0,0.0699,-0.010199999,-0.1643,0.18509999,4.3782997,8.773,0.172069,0.151958,0.674522,0.701655
1594967688961,-54,0,0,0,0.0626,0.0243,-0.17189999,0.18259999,4.3828998,8.7706995,0.172092,0.152309,0.674806,0.7013
1594967688976,-54,0,0,0,0.019399999,-0.0243,-0.10349999,0.1768,4.3826,8.771,0.171821,0.15257,0.675027,0.701097
1594967688992,-54,0,0,0,0.019399999,-0.0243,-0.10349999,0.1768,4.3826,8.771,0.171821,0.15257,0.675027,0.701097
1594967689008,-54,0,0,0,0.123799995,-0.0784,0.0704,0.1704,4.3778,8.7734995,0.171367,0.15266299,0.675215,0.701007
1594967689024,-54,0,0,0,0.11,-0.0713,0.0376,0.17449999,4.3707,8.776999,0.171166,0.152307,0.675569,0.700792
1594967689039,-54,0,0,0,0.0264,-0.0448,-0.14729999,0.1698,4.3736,8.7755995,0.171074,0.152639,0.67572397,0.700593
1594967689054,-54,0,0,0,0.0264,-0.0448,-0.14729999,0.1698,4.3736,8.7755995,0.171074,0.152639,0.67572397,0.700593
1594967689071,-54,0,0,0,0.0116,-0.0039999997,-0.2021,0.16499999,4.3819,8.7716,0.171212,0.153157,0.675726,0.700445
1594967689086,-54,0,0,0,0.0942,0.0061,-0.173,0.1608,4.3815,8.7719,0.170976,0.153372,0.676039,0.700153
1594967689101,-54,0,0,0,0.089999996,-0.0396,-0.0667,0.16499999,4.3782,8.773399,0.170973,0.15312,0.676184,0.700069
1594967689116,-54,0,0,0,0.0512,-0.0567,0.039899997,0.1646,4.3757997,8.7747,0.170861,0.153036,0.6762,0.700098
1594967689133,-54,0,0,0,0.0512,-0.0567,0.039899997,0.1646,4.3757997,8.7747,0.170861,0.153036,0.6762,0.700098
1594967689151,-54,0,0,0,0.0165,-0.0116,0.0075,0.1601,4.3698997,8.777699,0.170435,0.153012,0.676375,0.70003897
1594967689168,-54,0,0,0,0.0023,0.055,0.0525,0.1547,4.362,8.7817,0.170016,0.152808,0.676022,0.700527
1594967689184,-54,0,0,0,0.012,0.0641,-0.1383,0.1548,4.3725,8.7765,0.170454,0.153192,0.675863,0.700489
1594967689200,-54,0,0,0,0.0569,0.067,-0.18869999,0.1589,4.3697,8.7778,0.170547,0.152863,0.675625,0.700768
1594967689217,-54,0,0,0,0.044299997,0.0030999999,-0.0145,0.1617,4.3649,8.7801,0.170471,0.152559,0.675604,0.700874
1594967689235,-54,0,0,0,0.044299997,0.0030999999,-0.0145,0.1617,4.3649,8.7801,0.170471,0.152559,0.675604,0.700874
1594967689250,-54,0,0,0,0.0188,-0.049399998,0.2078,0.15779999,4.3587,8.783299,0.170069,0.15248,0.675712,0.700884
1594967689266,-54,0,0,0,0.0186,-0.046499997,0.2701,0.15799999,4.3459997,8.789599,0.169522,0.152037,0.676047,0.70079
1594967689281,-54,0,0,0,0.0826,-0.0576,0.0501,0.1626,4.357,8.783999,0.170065,0.152362,0.676252,0.700389
1594967689297,-54,0,0,0,0.0643,-0.0639,-0.083799995,0.17119999,4.3633,8.7807,0.170627,0.152283,0.676194,0.700326
1594967689313,-54,0,0,0,0.0643,-0.0639,-0.083799995,0.17119999,4.3633,8.7807,0.170627,0.152283,0.676194,0.700326
1594967689330,-54,0,0,0,0.0827,-0.087799996,-0.1699,0.1724,4.3676,8.7786,0.170886,0.152354,0.675957,0.700476
1594967689346,-54,0,0,0,0.039699998,-0.071899995,-0.1679,0.1761,4.3714,8.7766,0.171208,0.152321,0.675771,0.700585
1594967689361,-54,0,0,0,-0.012,-0.092199996,-0.1577,0.17889999,4.3719997,8.776299,0.171395,0.152172,0.67548,0.700851
1594967689377,-54,0,0,0,-0.0036,-0.077599995,-0.0718,0.1803,4.3672,8.7786,0.171311,0.15187299,0.675267,0.701142
1594967689393,-54,0,0,0,-0.0036,-0.077599995,-0.0718,0.1803,4.3672,8.7786,0.171311,0.15187299,0.675267,0.701142
1594967689409,-54,0,0,0,-0.0311,-0.1498,0.0426,0.1784,4.3609,8.781799,0.171144,0.151528,0.674606,0.701893
1594967689425,-54,0,0,0,-0.063999996,-0.0756,0.0103,0.1721,4.3554,8.784599,0.17074999,0.151494,0.6744,0.702195
1594967689440,-54,0,0,0,-0.1696,-0.0379,-0.19479999,0.1698,4.3568997,8.783899,0.170862,0.151485,0.673758,0.702785
1594967689456,-54,0,0,0,-0.1696,-0.0379,-0.19479999,0.1698,4.3568997,8.783899,0.170862,0.151485,0.673758,0.702785
1594967689472,-54,0,0,0,-0.2014,-0.0219,-0.566,0.1525,4.3802,8.772699,0.171329,0.152848,0.672822,0.703273
1594967689487,-54,0,0,0,-0.2489,-0.063999996,-0.3832,0.151,4.3732,8.776199,0.171072,0.152551,0.672516,0.703692
1594967689507,-54,0,0,0,-0.14199999,-0.090399995,0.28689998,0.14209999,4.3408,8.792399,0.169468,0.151622,0.672717,0.70409
1594967689522,-54,0,0,0,-0.109799996,-0.11449999,0.603,0.1393,4.3255997,8.7999,0.168733,0.151179,0.672977,0.704113
1594967689538,-54,0,0,0,-0.1268,-0.074999996,0.5295,0.1269,4.2959,8.8147,0.16706,0.150547,0.673386,0.704256
1594967689556,-54,0,0,0,-0.1268,-0.074999996,0.5295,0.1269,4.2959,8.8147,0.16706,0.150547,0.673386,0.704256
1594967689571,-44,0,0,0,-0.113699995,-0.03,0.15879999,0.1237,4.2999997,8.812699,0.167127,0.150804,0.67326,0.704306
1594967689583,-44,0,0,0,-0.1117,-0.0405,-0.100999996,0.1118,4.3104,8.807799,0.167114,0.151654,0.67318,0.704202
1594967689595,-44,0,0,0,-0.056599997,-0.0605,-0.17449999,0.105799995,4.3206997,8.8028,0.167203,0.152386,0.673565,0.703656
1594967689606,-44,0,0,0,-0.056599997,-0.0605,-0.17449999,0.105799995,4.3206997,8.8028,0.167203,0.152386,0.673565,0.703656
1594967689618,-44,0,0,0,0.0067,-0.048699997,-0.0186,0.1012,4.3187,8.8039,0.166913,0.15253,0.673784,0.703483
1594967689629,-44,0,0,0,0.0067,-0.048699997,-0.0186,0.1012,4.3187,8.8039,0.166913,0.15253,0.673784,0.703483
1594967689641,-44,0,0,0,-0.047599997,-0.055999998,-0.0641,0.0967,4.3259997,8.8003,0.16690099,0.153135,0.674374,0.702789
1594967689652,-44,0,0,0,-0.047599997,-0.055999998,-0.0641,0.0967,4.3259997,8.8003,0.167066,0.153768,0.674486,0.702504
1594967689663,-44,0,0,0,-0.0521,-0.0072,-0.1475,0.0914,4.336,8.7954,0.167066,0.153768,0.674486,0.702504
1594967689675,-44,0,0,0,0.0545,0.0061999997,-0.32099998,0.092599995,4.3422,8.792399,0.167259,0.15406,0.674868,0.702026
1594967689687,-44,0,0,0,0.0545,0.0061999997,-0.32099998,0.092599995,4.3422,8.792399,0.167259,0.15406,0.674868,0.702026
1594967689698,-44,0,0,0,0.0779,-0.029099999,-0.2689,0.0986,4.3480997,8.7894,0.167708,0.154072,0.674849,0.701935
1594967689710,-44,0,0,0,0.0779,-0.029099999,-0.2689,0.0986,4.3480997,8.7894,0.167708,0.154072,0.674849,0.701935
1594967689721,-44,0,0,0,-0.0166,-0.0337,-0.1048,0.0951,4.3429,8.792,0.167275,0.154106,0.675339,0.70156
1594967689733,-44,0,0,0,-2.9999999E-4,0.0050999997,0.2581,0.088599995,4.3236,8.8015995,0.166194,0.153691,0.675845,0.701421
1594967689745,-44,0,0,0,-2.9999999E-4,0.0050999997,0.2581,0.088599995,4.3236,8.8015995,0.166194,0.153691,0.675845,0.701421
1594967689756,-44,0,0,0,-0.0642,-0.0369,0.4164,0.0839,4.3265,8.8001995,0.165969,0.154161,0.676598,0.700644
1594967689768,-44,0,0,0,-0.0642,-0.0369,0.4164,0.0839,4.3265,8.8001995,0.165969,0.154161,0.676598,0.700644
1594967689779,-44,0,0,0,0.041899998,-0.021499999,0.1047,0.085599996,4.3307,8.7980995,0.166104,0.154362,0.676987,0.700192
1594967689791,-44,0,0,0,0.041899998,-0.021499999,0.1047,0.085599996,4.3307,8.7980995,0.166104,0.154362,0.676987,0.700192
1594967689803,-44,0,0,0,0.1108,0.0532,-0.34939998,0.0853,4.3441997,8.7914,0.166539,0.154993,0.677283,0.699663
1594967689816,-44,0,0,0,0.0699,0.0423,-0.398,0.087,4.3649,8.781199,0.16744299,0.155703,0.677008,0.699555
1594967689828,-44,0,0,0,0.0699,0.0423,-0.398,0.087,4.3649,8.781199,0.16744299,0.155703,0.677008,0.699555
1594967689841,-44,0,0,0,-0.0407,0.0072999997,-0.086399995,0.08,4.3606997,8.7834,0.166944,0.155886,0.677387,0.69926697
1594967689855,-44,0,0,0,-0.0142,-0.047399998,0.1321,0.0731,4.3468,8.790299,0.166074,0.155681,0.677819,0.699101
1594967689869,-44,0,0,0,-0.0142,-0.047399998,0.1321,0.0731,4.3468,8.790299,0.166074,0.155681,0.677819,0.699101
1594967689882,-44,0,0,0,0.0752,-0.031799998,-0.0128999995,0.071899995,4.3508,8.7883,0.166073,0.156005,0.678304,0.698559
1594967689896,-44,0,0,0,0.1252,0.0016999999,-0.2994,0.080699995,4.3662,8.7806,0.166983,0.156298,0.678279,0.6983
1594967689918,-44,0,0,0,0.1252,0.0016999999,-0.2994,0.080699995,4.3662,8.7806,0.166983,0.156298,0.678279,0.6983
1594967689934,-44,0,0,0,0.1264,0.0222,-0.1919,0.0795,4.3654,8.781,0.166882,0.156334,0.678388,0.698211
1594967689950,-44,0,0,0,0.0313,-0.0145,0.096099995,0.0766,4.3531,8.7871,0.166253,0.156006,0.678648,0.698181
1594967689965,-44,0,0,0,0.065799996,-0.0198,0.21149999,0.0714,4.3486,8.7894,0.165832,0.156084,0.678933,0.697987
1594967689980,-44,0,0,0,0.13679999,0.046499997,-0.1256,0.078899994,4.3606997,8.783299,0.166533,0.156327,0.679056,0.697646
1594967689996,-44,0,0,0,0.2024,0.1256,-0.4152,0.081999995,4.3698997,8.7788,0.166982,0.156596,0.679099,0.697436
1594967690013,-44,0,0,0,0.2024,0.1256,-0.4152,0.081999995,4.3698997,8.7788,0.166982,0.156596,0.679099,0.697436
1594967690033,-44,0,0,0,0.1968,0.0998,-0.40219998,0.097399995,4.3957,8.765699,0.168593,0.156993,0.678777,0.697273
1594967690049,-44,0,0,0,0.2881,0.092199996,-0.13859999,0.094299994,4.3935,8.7669,0.168295,0.157126,0.679222,0.696882
1594967690066,-44,0,0,0,0.2932,0.111099996,0.009,0.108899996,4.3942,8.7663,0.168796,0.156673,0.679487,0.696604
1594967690081,-44,0,0,0,0.44169998,0.24659999,-0.26459998,0.107499994,4.396,8.7654,0.168702,0.156925,0.679991,0.696078
1594967690096,-44,0,0,0,0.4428,0.255,-0.7389,0.1358,4.4465,8.7395,0.171793,0.157774,0.67932,0.695786
1594967690111,-44,0,0,0,0.4428,0.255,-0.7389,0.1358,4.4465,8.7395,0.171793,0.157774,0.67932,0.695786
1594967690126,-44,0,0,0,0.50189996,0.34469998,-0.6857,0.1356,4.4353,8.7452,0.171298,0.157389,0.679597,0.695724
1594967690142,-44,0,0,0,0.3812,0.2993,-0.2311,0.1582,4.4414,8.7417,0.172473,0.156672,0.67909,0.69609
1594967690157,-44,0,0,0,0.38549998,0.257,0.0251,0.1539,4.4248,8.750199,0.171575,0.156276,0.679599,0.695904
1594967690174,-44,0,0,0,0.38549998,0.257,0.0251,0.1539,4.4248,8.750199,0.171575,0.156276,0.679599,0.695904
1594967690190,-44,0,0,0,0.4563,0.3089,0.058599997,0.1812,4.4318,8.7462,0.17286,0.155521,0.67951,0.695843
1594967690206,-44,0,0,0,0.4644,0.37649998,-0.1565,0.1829,4.4328,8.7456,0.172895,0.155574,0.679813,0.695527
1594967690222,-44,0,0,0,0.47829998,0.42299998,-0.5805,0.218,4.4844,8.7184,0.176387,0.156102,0.678677,0.695641
1594967690238,-44,0,0,0,0.33159998,0.4262,-0.54289997,0.21769999,4.4811997,8.720099,0.176249,0.155988,0.678692,0.695687
1594967690254,-44,0,0,0,0.33159998,0.4262,-0.54289997,0.21769999,4.4811997,8.720099,0.176249,0.155988,0.678692,0.695687
1594967690270,-44,0,0,0,0.2278,0.3491,-0.29299998,0.2234,4.5092998,8.7055,0.177725,0.156705,0.677807,0.696012
1594967690286,-44,0,0,0,-0.0865,0.2498,-0.332,0.20439999,4.5106,8.705299,0.177105,0.157435,0.67767,0.696139
1594967690301,-44,0,0,0,-0.2827,0.5561,-0.54789996,0.1651,4.5868998,8.6662,0.178929,0.161646,0.676076,0.696257
1594967690316,-44,0,0,0,-0.60749996,0.9597,-1.2198,0.1565,4.6147,8.6515,0.179917,0.162853,0.675029,0.696737
1594967690332,-44,0,0,0,-0.60749996,0.9597,-1.2198,0.1565,4.6147,8.6515,0.179917,0.162853,0.675029,0.696737
1594967690348,-44,0,0,0,-0.6903,1.1022,-1.8654,0.1118,4.8157,8.542,0.18718,0.17158,0.669955,0.697626
1594967690364,-44,0,0,0,-0.7948,1.2511,-2.302,0.12799999,4.8237,8.5372,0.188507,0.170832,0.66820997,0.699124
1594967690380,-44,0,0,0,-0.6771,1.0518,-1.6112,0.0888,4.9347997,8.474,0.192505,0.175739,0.66363,0.701179
1594967690397,-44,0,0,0,-0.5438,0.8068,-0.3031,0.0928,4.8561,8.5192995,0.189895,0.171971,0.662435,0.703949
1594967690413,-44,0,0,0,-0.5438,0.8068,-0.3031,0.0928,4.8561,8.5192995,0.189895,0.171971,0.662435,0.703949
1594967690429,-44,0,0,0,-0.339,0.59319997,0.73969996,0.0743,4.7753997,8.565,0.186322,0.169081,0.661475,0.706502
1594967690445,-44,0,0,0,-0.262,0.5338,1.2263,0.0758,4.6974998,8.608,0.183523,0.16563,0.66072,0.70875597
1594967690460,-44,0,0,0,-0.3511,0.5241,1.2576,0.047199998,4.6287,8.6454,0.179947,0.163783,0.660164,0.710616
1594967690477,-44,0,0,0,-0.7934,0.43899998,0.48959997,0.0187,4.5863,8.668,0.177459,0.162968,0.659391,0.712146
1594967690493,-44,0,0,0,-0.7934,0.43899998,0.48959997,0.0187,4.5863,8.668,0.177459,0.162968,0.659391,0.712146
1594967690509,-44,0,0,0,-0.9551,0.3468,-0.22839999,-0.074599996,4.6,8.660399,0.175033,0.166735,0.65779,0.713354
1594967690527,-44,0,0,0,-0.8275,0.3435,-0.4526,-0.094299994,4.5836997,8.6689,0.173715,0.16682,0.657713,0.713727
1594967690542,-44,0,0,0,-0.7504,0.3349,-0.74979997,-0.1616,4.6315,8.6424,0.173421,0.171115,0.656694,0.71372
1594967690557,-44,0,0,0,-0.6283,0.4394,-1.3263,-0.1759,4.6349,8.6404,0.172818,0.172033,0.657632,0.712782
1594967690574,-44,0,0,0,-0.6283,0.4394,-1.3263,-0.1759,4.6349,8.6404,0.172818,0.172033,0.657632,0.712782
1594967690590,-44,0,0,0,-0.38329998,0.5505,-1.8699,-0.21499999,4.7690997,8.5661,0.177081,0.178577,0.655849,0.711767
1594967690606,-44,0,0,0,-0.3236,0.6249,-2.0346,-0.206,4.7732,8.564099,0.177379,0.178571,0.656573,0.711027
1594967690622,-44,0,0,0,-0.37399998,0.5543,-1.601,-0.2145,4.8634,8.512899,0.180919,0.182283,0.655276,0.710389
1594967690638,-44,0,0,0,-0.1787,0.64129996,-1.1272,-0.19399999,4.8353,8.5294,0.180494,0.180385,0.655512,0.710764
1594967690654,-44,0,0,0,-0.1787,0.64129996,-1.1272,-0.19399999,4.8353,8.5294,0.180494,0.180385,0.655512,0.710764
1594967690670,-44,0,0,0,-0.1166,0.62839997,-1.1549,-0.1875,4.9070997,8.4885,0.183775,0.18284,0.654544,0.710188
1594967690684,-44,0,0,0,-0.3554,0.5951,-0.86609995,-0.1644,4.8815,8.5037,0.183524,0.180967,0.654861,0.71044
1594967690697,-44,0,0,0,-0.38599998,0.59779996,-0.46649998,-0.1731,4.9279,8.4767,0.185134,0.183109,0.654431,0.70987
1594967690708,-44,0,0,0,-0.38599998,0.59779996,-0.46649998,-0.1731,4.9279,8.4767,0.185134,0.183109,0.654431,0.70987
1594967690720,-44,0,0,0,-0.24139999,0.643,-0.79389995,-0.1607,4.9219,8.4805,0.185227,0.182495,0.654878,0.709591
1594967690732,-44,0,0,0,-0.32009998,0.60209996,-0.8742,-0.1607,4.9219,8.4805,0.18828,0.185938,0.653873,0.70882
1594967690744,-44,0,0,0,-0.32009998,0.60209996,-0.8742,-0.17029999,5.0021,8.4332,0.18828,0.185938,0.653873,0.70882
1594967690756,-44,0,0,0,-0.6534,0.6239,-0.611,-0.15079999,5.0,8.434899,0.188912,0.185071,0.653808,0.708938
1594967690767,-44,0,0,0,-0.6534,0.6239,-0.611,-0.15079999,5.0,8.434899,0.188912,0.185071,0.653808,0.708938
1594967690779,-44,0,0,0,-0.4887,0.6394,-0.371,-0.16839999,5.0727997,8.3909,0.191213,0.188725,0.65351,0.707633
1594967690790,-44,0,0,0,-0.4887,0.6394,-0.371,-0.16839999,5.0727997,8.3909,0.191213,0.188725,0.65351,0.707633
1594967690802,-44,0,0,0,-0.2216,0.8314,-0.6609,-0.1511,5.0965,8.3768,0.192716,0.189097,0.653695,0.706954
1594967690814,-44,0,0,0,-0.3011,0.83779997,-1.0971,-0.14999999,5.2472,8.2834,0.199045,0.195051,0.652294,0.704874
1594967690826,-44,0,0,0,-0.3011,0.83779997,-1.0971,-0.14999999,5.2472,8.2834,0.199045,0.195051,0.652294,0.704874
1594967690837,-44,0,0,0,-0.5236,1.0160999,-0.6523,-0.103999995,5.2847,8.2602,0.202399,0.194627,0.651499,0.704771
1594967690850,-44,0,0,0,-0.5236,1.0160999,-0.6523,-0.103999995,5.2847,8.2602,0.202399,0.194627,0.651499,0.704771
1594967690863,-44,0,0,0,-0.3473,0.99189997,-0.4391,-0.0646,5.4168997,8.1744995,0.209482,0.198322,0.649932,0.703116
1594967690875,-44,0,0,0,-0.4863,1.037,0.2593,-0.0039999997,5.4502,8.1525,0.213101,0.197285,0.649556,0.702668
1594967690888,-44,0,0,0,-0.4863,1.037,0.2593,-0.0039999997,5.4502,8.1525,0.213101,0.197285,0.649556,0.702668
1594967690901,-44,0,0,0,-0.88949996,1.3046,1.7254,-0.0028,5.4867,8.128099,0.214368,0.199065,0.650336,0.701057
1594967690914,-44,0,0,0,-0.2904,1.2153,1.9454,-0.0028,5.4867,8.128099,0.216314,0.198762,0.651276,0.699671
1594967690929,-44,0,0,0,-0.2904,1.2153,1.9454,0.035499997,5.5073,8.113999,0.216314,0.198762,0.651276,0.699671
1594967690945,-44,0,0,0,0.82769996,0.71959996,2.1169,0.1432,5.5127997,8.109099,0.219342,0.196049,0.655208,0.695812
1594967690960,-44,0,0,0,1.2071999,0.5057,2.3337,0.22459999,5.5403,8.0885,0.223229,0.19433899,0.655874,0.694427
1594967690976,-44,0,0,0,1.1741999,-0.0967,2.4442,0.3363,5.4660997,8.135,0.223162,0.188223,0.660381,0.691857
1594967690993,-44,0,0,0,1.1741999,-0.0967,2.4442,0.3363,5.4660997,8.135,0.223162,0.188223,0.660381,0.691857
1594967691009,-44,0,0,0,2.5553,-0.32619998,2.3602998,0.37719998,5.4406,8.1502,0.223532,0.185697,0.660875,0.691949
1594967691025,-44,0,0,0,4.2457,-0.9499,3.2207,0.6385,5.2304997,8.270599,0.223182,0.168831,0.667706,0.689821
1594967691040,-44,0,0,0,3.5147,-1.9803,5.2952,0.6831,5.1232,8.334,0.221127,0.16182,0.665552,0.69423
1594967691056,-44,0,0,0,1.4438,-2.6243,6.0193,0.7241,4.7274,8.561299,0.206168,0.144863,0.669836,0.698447
1594967691072,-44,0,0,0,1.4438,-2.6243,6.0193,0.7241,4.7274,8.561299,0.206168,0.144863,0.669836,0.698447
1594967691088,-44,0,0,0,1.0206,-2.6952999,4.8152,0.6667,4.6316,8.618199,0.200926,0.142203,0.666927,0.703288
1594967691104,-44,0,0,0,1.5135,-1.9152,1.8068999,0.723,4.4593,8.7041,0.195762,0.133752,0.669364,0.704087
1594967691119,-44,0,0,0,1.8202,-1.5213,-0.5288,0.7105,4.4577,8.7059,0.195943,0.13313,0.665686,0.707632
1594967691135,-44,0,0,0,1.8202,-1.5213,-0.5288,0.7105,4.4577,8.7059,0.195943,0.13313,0.665686,0.707632
1594967691150,-44,0,0,0,0.89199996,-1.4237,-1.4167,0.76589996,4.3403,8.7604,0.193671,0.125835,0.663823,0.711333
1594967691166,-44,0,0,0,0.078099996,-1.5539,-0.8006,0.7168,4.245,8.8111,0.188802,0.122921,0.660118,0.71658
1594967691181,-44,0,0,0,-0.54289997,-1.3937,-0.0028,0.6416,4.0551,8.9058,0.178743,0.118233,0.659572,0.720441
1594967691198,-44,0,0,0,-0.74899995,-1.1565,-0.3268,0.6221,4.014,8.925799,0.176776,0.116872,0.657485,0.723051
1594967691217,-44,0,0,0,-0.74899995,-1.1565,-0.3268,0.6221,4.014,8.925799,0.176776,0.116872,0.657485,0.723051
1594967691232,-44,0,0,0,-0.2996,-0.9192,-1.5421,0.61399996,3.9728,8.944799,0.17521,0.115079,0.655316,0.725685
1594967691248,-44,0,0,0,-0.0993,-0.8091,-1.6739,0.62939996,3.9608,8.948999,0.175574,0.113564,0.653393,0.727567
1594967691263,-44,0,0,0,-0.2812,-0.7861,-1.2375,0.625,3.9278998,8.963799,0.174468,0.111946,0.651134,0.73010397
1594967691279,-44,0,0,0,-0.4242,-0.8792,-1.4079,0.6209,3.9426,8.9576,0.175248,0.11213,0.64892,0.731858
1594967691295,-44,0,0,0,-0.4242,-0.8792,-1.4079,0.6209,3.9426,8.9576,0.175248,0.11213,0.64892,0.731858
1594967691310,-44,0,0,0,-0.2331,-0.74799997,-2.0567,0.6064,4.0076,8.9298,0.177767,0.114477,0.646167,0.733321
1594967691327,-44,0,0,0,-0.0361,-0.50729996,-2.8223999,0.6055,4.071,8.9011,0.180699,0.116255,0.643509,0.734662
1594967691342,-44,0,0,0,0.026099999,-0.5024,-3.4129999,0.6216,4.2722,8.8052,0.190281,0.121868,0.63803,0.736109
1594967691357,-44,0,0,0,0.100099996,-0.3455,-3.3111,0.6163,4.3409,8.7719,0.193495,0.123754,0.634443,0.738055
1594967691373,-44,0,0,0,0.100099996,-0.3455,-3.3111,0.6163,4.3409,8.7719,0.193495,0.123754,0.634443,0.738055
1594967691389,-44,0,0,0,0.1426,-0.2847,-2.6634998,0.6228,4.496,8.693,0.200958,0.128046,0.629343,0.739693
1594967691405,-44,0,0,0,0.1091,-0.067,-2.3021998,0.59749997,4.5529,8.665,0.203049,0.130285,0.625904,0.741646
1594967691420,-44,0,0,0,-0.0764,0.092999995,-2.0005999,0.5672,4.7166,8.5791,0.209908,0.136098,0.619966,0.743678
1594967691436,-44,0,0,0,-0.1422,0.3541,-1.7657,0.5448,4.789,8.540299,0.212962,0.138595,0.615812,0.745796
1594967691453,-44,0,0,0,-0.1422,0.3541,-1.7657,0.5448,4.789,8.540299,0.212962,0.138595,0.615812,0.745796
1594967691469,-44,0,0,0,-0.27359998,0.6949,-1.3675,0.49969998,4.9582996,8.446,0.219834,0.145065,0.60939,0.747845
1594967691485,-44,0,0,0,-0.3019,0.95119995,-0.7722,0.46899998,5.0060997,8.419499,0.221582,0.147044,0.605633,0.749991
1594967691501,-44,0,0,0,-0.3936,1.0213,0.0273,0.394,5.1028,8.3651,0.224259,0.152319,0.600517,0.752253
1594967691517,-44,0,0,0,-0.91569996,0.838,1.4906,0.34719998,5.1095,8.3631,0.22363,0.153585,0.597445,0.754625
1594967691535,-44,0,0,0,-0.91569996,0.838,1.4906,0.34719998,5.1095,8.3631,0.22363,0.153585,0.597445,0.754625
1594967691558,-44,0,0,0,-2.7626998,1.1703,4.4835997,0.1151,5.091,8.3808,0.215754,0.16170199,0.594788,0.757316
1594967691573,-44,0,0,0,-2.7626998,1.1703,4.4835997,0.1151,5.091,8.3808,0.215754,0.16170199,0.594788,0.757316
1594967691586,-44,0,0,0,-0.9216,1.2559999,3.6392999,0.019399999,5.1229997,8.3619995,0.213536,0.167496,0.596886,0.755032
1594967691598,-44,0,0,0,-0.375,1.56,2.3360999,0.0613,5.1721997,8.3315,0.217072,0.167597,0.596681,0.754163
1594967691610,-44,0,0,0,-0.375,1.56,2.3360999,0.0613,5.1721997,8.3315,0.217072,0.167597,0.596681,0.754163
1594967691623,-44,0,0,0,-0.6555,0.4834,4.4498,0.0672,5.0522,8.404699,0.21156,0.163456,0.599232,0.754615
1594967691634,-44,0,0,0,-0.9546,-0.5036,6.0462,0.023,4.9997997,8.436299,0.207364,0.163913,0.601542,0.753842
1594967691647,-44,0,0,0,-0.9546,-0.5036,6.0462,0.023,4.9997997,8.436299,0.207364,0.163913,0.601542,0.753842
1594967691659,-44,0,0,0,-1.7936,-0.6652,5.7077,-0.108899996,4.8375998,8.529699,0.194711,0.164904,0.60812,0.75172
1594967691672,-44,0,0,0,-1.7936,-0.6652,5.7077,-0.108899996,4.8375998,8.529699,0.194711,0.164904,0.60812,0.75172
1594967691685,-44,0,0,0,-1.3668,-0.729,3.3555999,-0.114099994,4.8915997,8.4987,0.19614,0.167964,0.611099,0.748247
1594967691698,-44,0,0,0,-0.6279,-0.41099998,1.2852,-0.088,4.907,8.4901,0.196779,0.16852,0.614998,0.744752
1594967691712,-44,0,0,0,-0.6279,-0.41099998,1.2852,-0.088,4.907,8.4901,0.196779,0.16852,0.614998,0.744752
1594967691726,-44,0,0,0,-0.2997,-0.6846,-0.5324,-0.0337,4.9356,8.474,0.199458,0.167815,0.616484,0.742967
1594967691740,-44,0,0,0,-0.17289999,-1.0832,-0.8738,-0.032899998,4.8536,8.5212,0.195177,0.165659,0.620516,0.741229
1594967691756,-44,0,0,0,-0.092199996,-1.3349,-0.0088,-0.0548,4.7521,8.5781,0.189371,0.163633,0.624503,0.739836
1594967691772,-44,0,0,0,-0.092199996,-1.3349,-0.0088,-0.0548,4.7521,8.5781,0.189371,0.163633,0.624503,0.739836
1594967691788,-44,0,0,0,-0.2906,-1.4577,0.55469996,-0.0919,4.5411997,8.6912,0.178131,0.158545,0.630852,0.738348
1594967691804,-44,0,0,0,-0.3322,-1.4598,-0.0677,-0.0993,4.4943,8.7155,0.175126,0.157986,0.634838,0.735765
1594967691830,-44,0,0,0,-0.112399995,-1.2587999,-1.8112999,-0.093499996,4.46,8.7332,0.173135,0.157326,0.638611,0.733108
1594967691847,-45,0,0,0,0.0639,-1.2085999,-3.033,-0.063999996,4.4686,8.7291,0.173752,0.157317,0.64208597,0.729922
1594967691859,-45,0,0,0,-0.15349999,-1.4011999,-2.8339,-0.0622,4.4553,8.7359,0.172766,0.157298,0.644495,0.728034
1594967691870,-45,0,0,0,-0.15349999,-1.4011999,-2.8339,-0.0622,4.4553,8.7359,0.172766,0.157298,0.644495,0.728034
1594967691882,-45,0,0,0,-0.5948,-1.6838,-2.4721,-0.0622,4.4337997,8.746799,0.171123,0.157327,0.648152,0.725164
1594967691894,-45,0,0,0,-0.37829998,-1.6541,-2.2368,-0.0924,4.3746,8.776299,0.166729,0.157266,0.65278697,0.722037
1594967691905,-45,0,0,0,-0.37829998,-1.6541,-2.2368,-0.0924,4.3746,8.776299,0.166729,0.157266,0.65278697,0.722037
1594967691917,-45,0,0,0,0.15349999,-1.2763,-2.4552999,-0.065299995,4.4087,8.759399,0.168197,0.158428,0.656534,0.718033
1594967691928,-45,0,0,0,0.15349999,-1.2763,-2.4552999,-0.065299995,4.4087,8.759399,0.168197,0.158428,0.656534,0.718033
1594967691940,-45,0,0,0,0.3791,-0.93179995,-3.3658998,0.0131,4.5645,8.6795,0.176742,0.161948,0.657933,0.713903
1594967691951,-45,0,0,0,0.3791,-0.93179995,-3.3658998,0.0131,4.5645,8.6795,0.176742,0.161948,0.657933,0.713903
1594967691963,-45,0,0,0,0.147,-0.6938,-3.8158,0.0491,4.6404,8.639,0.180451,0.164214,0.660261,0.710299
1594967691975,-45,0,0,0,-0.3364,-0.6534,-3.3509998,0.0324,4.8257,8.537,0.187355,0.172133,0.659064,0.707744
1594967691988,-45,0,0,0,-0.3364,-0.6534,-3.3509998,0.0324,4.8257,8.537,0.187355,0.172133,0.659064,0.707744
1594967692000,-45,0,0,0,-0.9561,-0.3802,-3.2495,0.0343,4.8664,8.5139,0.188551,0.174239,0.660937,0.705159
1594967692012,-45,0,0,0,-0.9561,-0.3802,-3.2495,0.0343,4.8664,8.5139,0.188551,0.174239,0.660937,0.705159
1594967692026,-45,0,0,0,-0.45769998,-0.0117,-2.0607998,0.0066,4.9884,8.443,0.192302,0.180394,0.660888,0.70264
1594967692039,-45,0,0,0,0.0578,0.498,-1.1958,0.0402,5.0081,8.4312,0.193576,0.180697,0.663649,0.699604
1594967692053,-45,0,0,0,0.0578,0.498,-1.1958,0.0402,5.0081,8.4312,0.193576,0.180697,0.663649,0.699604
1594967692068,-45,0,0,0,-0.0277,0.62619996,-0.774,0.0866,5.1056,8.3723,0.199003,0.183109,0.663813,0.697294
1594967692084,-45,0,0,0,-0.0166,0.8121,0.0923,0.154,5.1256,8.359,0.201941,0.181729,0.664968,0.695708
1594967692099,-45,0,0,0,-0.146,0.79499996,1.2297,0.2148,5.1232,8.3592,0.203696,0.179736,0.666431,0.694313
1594967692115,-45,0,0,0,-0.146,0.79499996,1.2297,0.2148,5.1232,8.3592,0.203696,0.179736,0.666431,0.694313
1594967692132,-45,0,0,0,-0.0459,0.745,2.8829,0.2619,5.1143,8.363299,0.204575,0.178152,0.668404,0.692564
1594967692148,-45,0,0,0,-0.3101,1.6473999,4.5386,0.2809,5.0944,8.3748,0.203559,0.17767,0.672099,0.689404
1594967692165,-45,0,0,0,1.2815,1.2636,2.9594998,0.33679998,5.1547,8.3358,0.207339,0.178892,0.674435,0.68567
1594967692181,-45,0,0,0,3.2503,1.7530999,1.2990999,0.5649,5.2242,8.2799,0.218146,0.173928,0.675914,0.68213
1594967692198,-45,0,0,0,3.2229,0.6983,1.3541,0.6022,5.1512,8.323,0.217026,0.16895,0.67469597,0.684938
1594967692214,-45,0,0,0,3.2229,0.6983,1.3541,0.6022,5.1512,8.323,0.217026,0.16895,0.67469597,0.684938
1594967692231,-45,0,0,0,2.4789,-0.89049995,4.1938,0.6892,4.8177,8.5138,0.206454,0.152622,0.678799,0.68797797
1594967692248,-45,0,0,0,1.1887,-1.6171,7.4217,0.6358,4.6321,8.6202,0.197378,0.146734,0.6787,0.692008
1594967692264,-45,0,0,0,1.3024,-1.7548,7.5842,0.6398,4.338,8.7716,0.18515,0.135974,0.68439597,0.691976
1594967692280,-45,0,0,0,2.0791,-1.2314999,3.2436,0.6477,4.4031997,8.7385,0.18806,0.138173,0.683656,0.691487
1594967692296,-45,0,0,0,2.0791,-1.2314999,3.2436,0.6477,4.4031997,8.7385,0.18806,0.138173,0.683656,0.691487
1594967692313,-45,0,0,0,2.3699,-0.7323,-0.73429996,0.84739995,4.4728,8.6859,0.198248,0.133555,0.682945,0.690251
1594967692329,-45,0,0,0,1.8671,-0.73569995,-3.2410998,0.8599,4.5155,8.662499,0.200923,0.134017,0.679985,0.692307
1594967692346,-45,0,0,0,1.0231999,-0.96199995,-2.4810998,0.95849997,4.4672,8.6772995,0.203348,0.127397,0.676527,0.696225
1594967692362,-45,0,0,0,0.917,-1.2279,-0.34669998,0.9274,4.3308997,8.7494,0.197295,0.122377,0.674424,0.700892
1594967692378,-45,0,0,0,0.37379998,-1.3698,0.69339997,0.89199996,4.0509,8.8862,0.185181,0.112415,0.674224,0.706039
1594967692394,-45,0,0,0,0.37379998,-1.3698,0.69339997,0.89199996,4.0509,8.8862,0.185181,0.112415,0.674224,0.706039
1594967692410,-45,0,0,0,-0.0632,-1.4862,-0.0315,0.81909996,3.9808998,8.9247,0.180137,0.111864,0.672294,0.709265
1594967692426,-45,0,0,0,-0.2592,-1.305,-1.9387,0.7502,3.9173,8.9588995,0.175605,0.111287996,0.66967,0.712964
1594967692443,-45,0,0,0,-0.5679,-1.2653999,-2.8651,0.7255,3.9561,8.9438,0.176759,0.112897,0.666318,0.715562
1594967692459,-45,0,0,0,-0.8594,-1.252,-2.9273,0.6737,4.0016,8.9276,0.177486,0.115387,0.661365,0.719569
1594967692471,-45,0,0,0,-0.8594,-1.252,-2.9273,0.6737,4.0016,8.9276,0.177486,0.115387,0.661365,0.719569
1594967692484,-45,0,0,0,-0.6857,-1.0644,-3.1062999,0.6863,4.0593,8.9005995,0.180656,0.116434,0.658538,0.721202
1594967692496,-45,0,0,0,-0.2978,-0.76409996,-3.1634,0.6809,4.1906,8.8399,0.186478,0.120467,0.653592,0.723553
1594967692508,-45,0,0,0,-0.2978,-0.76409996,-3.1634,0.6809,4.1906,8.8399,0.186478,0.120467,0.653592,0.723553
1594967692520,-45,0,0,0,-0.1218,-0.4175,-3.5540998,0.6814,4.2755,8.7991,0.190192,0.12326,0.651752,0.723777
1594967692532,-45,0,0,0,-0.0278,-0.1811,-3.7575998,0.6814,4.2755,8.7991,0.202628,0.130144,0.64387697,0.72624
1594967692544,-45,0,0,0,-0.0278,-0.1811,-3.7575998,0.7051,4.5297,8.6691,0.202628,0.130144,0.64387697,0.72624
1594967692556,-45,0,0,0,-0.22459999,0.092,-3.2045999,0.71559995,4.6096,8.625999,0.206769,0.132058,0.640966,0.727302
1594967692569,-45,0,0,0,-0.22459999,0.092,-3.2045999,0.71559995,4.6096,8.625999,0.206769,0.132058,0.640966,0.727302
1594967692580,-45,0,0,0,-0.12019999,0.2733,-2.6450999,0.6897,4.811,8.5175,0.21568,0.138592,0.632634,0.730785
1594967692593,-45,0,0,0,-0.44189999,0.6757,-2.1016,0.65819997,4.8401,8.5035,0.216485,0.13990399,0.62901,0.73342
1594967692606,-45,0,0,0,-0.44189999,0.6757,-2.1016,0.65819997,4.8401,8.5035,0.216485,0.13990399,0.62901,0.73342
1594967692618,-45,0,0,0,-0.3796,0.9054,-1.7141,0.5861,4.993,8.42,0.221939,0.146429,0.621084,0.737262
1594967692631,-45,0,0,0,-0.3796,0.9054,-1.7141,0.5861,4.993,8.42,0.221939,0.146429,0.621084,0.737262
1594967692645,-45,0,0,0,-0.5541,1.1392,-0.79469997,0.53499997,4.9944997,8.4223995,0.221065,0.147319,0.617032,0.740741
1594967692659,-45,0,0,0,-1.0339999,1.0024999,0.159,0.4165,5.0429997,8.4002,0.220285,0.152251,0.611195,0.744804
1594967692677,-45,0,0,0,-1.0339999,1.0024999,0.159,0.4165,5.0429997,8.4002,0.220285,0.152251,0.611195,0.744804
1594967692693,-45,0,0,0,-1.2189,0.8746,1.7544,0.3857,5.0239,8.4131,0.218954,0.152003,0.608643,0.747332
1594967692708,-45,0,0,0,-1.0827,0.843,3.7512999,0.2985,4.9572997,8.4560995,0.213321,0.152814,0.608081,0.749251
1594967692723,-45,0,0,0,-1.02,1.9308,4.9989,0.2455,4.9972997,8.434199,0.213155,0.156642,0.608526,0.748146
1594967692739,-45,0,0,0,-0.2704,1.9937999,3.2035,0.1528,5.0815,8.3859,0.213515,0.163842,0.609025,0.746093
1594967692755,-45,0,0,0,-0.2704,1.9937999,3.2035,0.1528,5.0815,8.3859,0.213515,0.163842,0.609025,0.746093
1594967692770,-45,0,0,0,-0.9353,2.0914,1.6721,0.092,5.1605,8.3385,0.214815,0.169435,0.609038,0.744458
1594967692784,-45,0,0,0,-0.9873,1.3504,2.5381,0.0361,5.166,8.3355,0.213503,0.171531,0.607595,0.745533
1594967692797,-45,0,0,0,-0.1697,-0.17819999,5.8417,0.0815,5.1158,8.366099,0.212948,0.167628,0.607369,0.746763
1594967692808,-45,0,0,0,-0.1697,-0.17819999,5.8417,0.0815,5.1158,8.366099,0.212948,0.167628,0.607369,0.746763
1594967692821,-45,0,0,0,-0.0876,-0.4154,7.4433,0.0876,4.8722,8.5102,0.201817,0.159273,0.612237,0.747707
1594967692832,-45,0,0,0,-0.2525,-0.90169996,5.9459,0.0876,4.8722,8.5102,0.199974,0.162052,0.615535,0.744892
1594967692844,-45,0,0,0,-0.2525,-0.90169996,5.9459,0.0466,4.8778996,8.5072,0.199974,0.162052,0.615535,0.744892
1594967692856,-45,0,0,0,-0.2688,-0.8329,3.2522,0.0138,4.7797,8.5629,0.193758,0.160832,0.620272,0.742868
1594967692870,-45,0,0,0,-0.2688,-0.8329,3.2522,0.0138,4.7797,8.5629,0.193758,0.160832,0.620272,0.742868
1594967692882,-45,0,0,0,-0.299,-1.1133,1.3512,0.0244,4.8346,8.532,0.195887,0.163139,0.622558,0.739888
1594967692894,-45,0,0,0,-0.255,-1.3069999,-0.23259999,0.0196,4.7732,8.5665,0.192385,0.161911,0.62626797,0.737943
1594967692907,-45,0,0,0,-0.255,-1.3069999,-0.23259999,0.0196,4.7732,8.5665,0.192385,0.161911,0.62626797,0.737943
1594967692920,-45,0,0,0,-0.154,-1.3389,-0.752,0.0265,4.7560997,8.576,0.191165,0.161862,0.629703,0.735343
1594967692933,-45,0,0,0,-0.154,-1.3389,-0.752,0.0265,4.7560997,8.576,0.191165,0.161862,0.629703,0.735343
1594967692949,-45,0,0,0,-0.0211,-1.2767,-1.0088999,0.0211,4.6447,8.6368,0.185433,0.158919,0.634383,0.733428
1594967692975,-45,0,0,0,-0.2312,-1.3469,-1.5396999,0.0056999996,4.5874,8.667399,0.181664,0.158363,0.638657,0.730777
1594967692992,-45,0,0,0,-0.2764,-1.337,-2.2719,-0.0276,4.5186,8.7035,0.17696,0.157885,0.642312,0.728829
1594967693005,-45,0,0,0,-0.3515,-1.3809999,-2.7653,-0.011299999,4.4939,8.7163,0.175673,0.157254,0.646337,0.725712
1594967693017,-45,0,0,0,-0.4658,-1.5179,-2.5944,-0.014599999,4.4445,8.7416,0.172928,0.156193,0.649446,0.723822
1594967693029,-45,0,0,0,-0.4658,-1.5179,-2.5944,-0.014599999,4.4445,8.7416,0.172928,0.156193,0.649446,0.723822
1594967693041,-45,0,0,0,-0.4973,-1.6410999,-2.2189999,0.036399998,4.4304,8.7487,0.173209,0.154719,0.653909,0.720043
1594967693053,-45,0,0,0,-0.46969998,-1.662,-2.2282999,0.0383,4.3726997,8.777599,0.170006,0.153493,0.65863,0.716759
1594967693065,-45,0,0,0,-0.46969998,-1.662,-2.2282999,0.0383,4.3726997,8.777599,0.170006,0.153493,0.65863,0.716759
1594967693077,-45,0,0,0,-0.1184,-1.4599999,-2.9319,0.089099996,4.4356,8.7457,0.173193,0.155231,0.663557,0.711055
1594967693089,-45,0,0,0,-0.1184,-1.4599999,-2.9319,0.089099996,4.4356,8.7457,0.173193,0.155231,0.663557,0.711055
1594967693101,-45,0,0,0,0.0556,-1.1874,-3.3300998,0.1602,4.5552998,8.682899,0.1798,0.158005,0.666159,0.706354
1594967693113,-45,0,0,0,0.0218,-0.9048,-3.4831,0.2137,4.6159997,8.6496,0.183171,0.159496,0.670181,0.701331
1594967693124,-45,0,0,0,0.0218,-0.9048,-3.4831,0.2137,4.6159997,8.6496,0.183171,0.159496,0.670181,0.701331
1594967693137,-45,0,0,0,-0.040799998,-0.8143,-3.1829998,0.2568,4.7513,8.5749,0.189753,0.163688,0.67099,0.697833
1594967693150,-45,0,0,0,-0.040799998,-0.8143,-3.1829998,0.2568,4.7513,8.5749,0.189753,0.163688,0.67099,0.697833
1594967693163,-45,0,0,0,-0.0758,-0.6831,-2.813,0.30159998,4.7966,8.5482,0.192383,0.164776,0.674171,0.693779
1594967693177,-45,0,0,0,-0.0815,-0.37939999,-2.2336,0.3565,4.9147,8.4786,0.198746,0.167948,0.67493397,0.690475
1594967693193,-45,0,0,0,-0.0815,-0.37939999,-2.2336,0.3565,4.9147,8.4786,0.198746,0.167948,0.67493397,0.690475
1594967693209,-45,0,0,0,0.044499997,-0.029099999,-1.6965,0.41669998,4.9567,8.4514,0.201973,0.16823,0.677432,0.687015
1594967693225,-45,0,0,0,0.4272,0.4895,-0.98819995,0.5245,5.0657,8.3805,0.210077,0.169056,0.677769,0.684043
1594967693242,-45,0,0,0,0.92929995,0.8731,-0.74939996,0.61079997,5.0941,8.3574,0.214031,0.167566,0.679238,0.681723
1594967693258,-45,0,0,0,1.1522,0.97929996,0.5175,0.7608,5.1252,8.326,0.220864,0.163423,0.679208,0.680579
1594967693275,-45,0,0,0,1.1522,0.97929996,0.5175,0.7608,5.1252,8.326,0.220864,0.163423,0.679208,0.680579
1594967693291,-45,0,0,0,0.77239996,0.6367,2.6383998,0.81689996,5.1049,8.3331995,0.222175,0.160502,0.679283,0.680772
1594967693308,-45,0,0,0,-0.7974,1.1187,5.0438,0.7981,5.0151,8.3894,0.217523,0.157934,0.681376,0.680783
1594967693324,-45,0,0,0,0.7805,1.0271,3.5042,0.8383,5.0576997,8.359799,0.220256,0.158911,0.68315,0.677893
1594967693340,-45,0,0,0,3.0131,1.8525,2.6582,1.0281,5.115,8.303599,0.22912,0.155361,0.685439,0.673453
1594967693357,-45,0,0,0,3.5152,1.6464,1.7716999,1.0850999,5.1445,8.278,0.232514,0.154508,0.685068,0.672863
1594967693373,-45,0,0,0,3.5152,1.6464,1.7716999,1.0850999,5.1445,8.278,0.232514,0.154508,0.685068,0.672863
1594967693386,-45,0,0,0,2.2386,0.0414,3.2556999,1.2046,4.994,8.3533,0.231045,0.143928,0.686102,0.67466
1594967693399,-45,0,0,0,1.2613,-1.0899999,5.2868,1.1717,4.8701997,8.430699,0.2255,0.138922,0.683802,0.6799
1594967693410,-45,0,0,0,1.2613,-1.0899999,5.2868,1.1717,4.8701997,8.430699,0.2255,0.138922,0.683802,0.6799
1594967693422,-45,0,0,0,1.2146,-1.6421,6.9412,1.1596,4.5295997,8.6202,0.211091,0.12622,0.68822,0.682539
1594967693434,-45,0,0,0,1.7843,-1.3801999,5.5218,1.1391,4.4834,8.646999,0.208884,0.124456,0.686401,0.685369
1594967693446,-45,0,0,0,1.7843,-1.3801999,5.5218,1.1391,4.4834,8.646999,0.208884,0.124456,0.686401,0.685369
1594967693457,-45,0,0,0,1.5092,-1.0797,1.0645,1.2378,4.428,8.662,0.210385,0.118732,0.686836,0.685489
1594967693469,-45,0,0,0,1.5092,-1.0797,1.0645,1.2378,4.428,8.662,0.210385,0.118732,0.686836,0.685489
1594967693480,-45,0,0,0,1.1566,-1.0555999,-1.3381,1.2471,4.4824,8.6326,0.213406,0.119642,0.683511,0.687717
1594967693492,-45,0,0,0,1.1566,-1.0555999,-1.3381,1.2471,4.4824,8.6326,0.213406,0.119642,0.683511,0.687717
1594967693503,-45,0,0,0,1.0727999,-1.0198,-0.88549995,1.3506,4.4171,8.6507,0.215028,0.112688,0.681864,0.690017
1594967693516,-45,0,0,0,0.54289997,-1.0327,-0.55829996,1.3018,4.3417,8.696199,0.210795,0.110359,0.678663,0.694839
1594967693528,-45,0,0,0,0.54289997,-1.0327,-0.55829996,1.3018,4.3417,8.696199,0.210795,0.110359,0.678663,0.694839
1594967693541,-45,0,0,0,-0.20699999,-1.0139999,-1.1903,1.2281,4.2346,8.7595,0.204249,0.108024,0.676433,0.699321
1594967693554,-45,0,0,0,-0.42029998,-0.881,-1.9655,1.1667,4.1898,8.7894,0.200826,0.107387,0.67267,0.704024
1594967693567,-45,0,0,0,-0.42029998,-0.881,-1.9655,1.1667,4.1898,8.7894,0.200826,0.107387,0.67267,0.704024
1594967693580,-45,0,0,0,-0.2915,-0.9133,-2.7594,1.1654,4.2318997,8.7694,0.203347,0.107397,0.666658,0.709
1594967693594,-45,0,0,0,-0.7744,-1.0464,-2.6362998,1.1481,4.2276998,8.7737,0.203308,0.106444,0.661662,0.713819
1594967693608,-45,0,0,0,-0.7744,-1.0464,-2.6362998,1.1481,4.2276998,8.7737,0.203308,0.106444,0.661662,0.713819
1594967693622,-45,0,0,0,-1.1199,-1.183,-2.3982,1.013,4.2269998,8.7906,0.199158,0.110167,0.656942,0.718766
1594967693638,-45,0,0,0,-1.2053,-1.2175,-2.6420999,0.96099997,4.2419,8.7893,0.198374,0.111873,0.653898,0.72149
1594967693654,-45,0,0,0,-1.2053,-1.2175,-2.6420999,0.96099997,4.2419,8.7893,0.198374,0.111873,0.653898,0.72149
1594967693671,-45,0,0,0,-0.78459996,-0.8652,-2.7066998,0.8639,4.331,8.755899,0.199267,0.117753,0.649204,0.724541
1594967693688,-45,0,0,0,-0.5821,-0.4631,-3.1487,0.85749996,4.3898997,8.727099,0.201993,0.119316,0.645695,0.726663
1594967693703,-45,0,0,0,-0.5762,-0.2349,-3.4234,0.8221,4.6229,8.6094,0.211618,0.127502,0.63768,0.729606
1594967693718,-45,0,0,0,-0.408,0.089099996,-3.3929,0.81079996,4.6812997,8.578899,0.214376,0.12899,0.633433,0.732234
1594967693734,-45,0,0,0,-0.408,0.089099996,-3.3929,0.81079996,4.6812997,8.578899,0.214376,0.12899,0.633433,0.732234
1594967693750,-45,0,0,0,-0.32819998,0.2331,-2.7619,0.7604,4.8708997,8.4773,0.221883,0.136164,0.625896,0.735173
1594967693766,-45,0,0,0,-0.26209998,0.6058,-2.3820999,0.71379995,4.8904,8.4702,0.221925,0.137436,0.621466,0.738674
1594967693782,-45,0,0,0,-0.40129998,0.6501,-2.0149999,0.6275,5.0424,8.3875,0.226898,0.144474,0.613677,0.742323
1594967693797,-45,0,0,0,-0.4976,0.91609997,-1.2218,0.5668,5.0313997,8.398399,0.225354,0.144959,0.60864097,0.746831
1594967693810,-45,0,0,0,-0.4976,0.91609997,-1.2218,0.5668,5.0313997,8.398399,0.225354,0.144959,0.60864097,0.746831
1594967693822,-45,0,0,0,-0.45909998,0.9679,-0.44329998,0.4596,5.0973,8.3651,0.225718,0.150155,0.602947,0.750305
1594967693834,-45,0,0,0,-0.6324,1.1019,0.2722,0.3778,5.0712,8.385099,0.222706,0.151263,0.598815,0.754282
1594967693846,-45,0,0,0,-0.6324,1.1019,0.2722,0.3778,5.0712,8.385099,0.222706,0.151263,0.598815,0.754282
1594967693858,-45,0,0,0,-0.91999996,0.9515,0.6434,0.22389999,5.0941,8.376699,0.219546,0.157173,0.594332,0.757539
1594967693870,-45,0,0,0,-0.91999996,0.9515,0.6434,0.22389999,5.0941,8.376699,0.219546,0.157173,0.594332,0.757539
1594967693882,-45,0,0,0,-1.5522,1.0806,2.208,0.1598,5.0729,8.391,0.217141,0.158189,0.591415,0.760298
1594967693895,-45,0,0,0,-2.4666998,2.0744,3.4322999,-0.0143,5.0891,8.3827,0.212777,0.1653,0.58866,0.762155
1594967693907,-45,0,0,0,-2.4666998,2.0744,3.4322999,-0.0143,5.0891,8.3827,0.212777,0.1653,0.58866,0.762155
1594967693919,-45,0,0,0,-0.9267,1.9182999,2.6065,-0.044099998,5.1177998,8.3651,0.21326,0.167373,0.587719,0.762293
1594967693932,-45,0,0,0,-0.9267,1.9182999,2.6065,-0.044099998,5.1177998,8.3651,0.21326,0.167373,0.587719,0.762293
1594967693944,-45,0,0,0,0.2698,2.2101,2.5167,-0.0148,5.1791,8.3274,0.21684,0.168516,0.58785,0.760929
1594967693955,-45,0,0,0,0.1767,0.5931,5.4083,0.058599997,5.1289,8.3582,0.217603,0.162771,0.585215,0.763987
1594967693967,-45,0,0,0,0.1767,0.5931,5.4083,0.058599997,5.1289,8.3582,0.217603,0.162771,0.585215,0.763987
1594967693980,-45,0,0,0,-0.31059998,-0.5094,7.4567,0.1047,4.878,8.5067,0.207303,0.152656,0.589553,0.765602
1594967693992,-45,0,0,0,-0.31059998,-0.5094,7.4567,0.1047,4.878,8.5067,0.207303,0.152656,0.589553,0.765602
1594967694003,-45,0,0,0,-0.74869996,-1.0171,6.8080997,0.0819,4.8069997,8.5472,0.203342,0.1512,0.590377,0.766319
1594967694015,-45,0,0,0,-0.087799996,-0.7583,3.4161,0.0289,4.6854,8.6147995,0.195117,0.150639,0.596987,0.763441
1594967694028,-45,0,0,0,-0.087799996,-0.7583,3.4161,0.0289,4.6854,8.6147995,0.195117,0.150639,0.596987,0.763441
1594967694041,-45,0,0,0,0.24489999,-0.7399,1.5206,0.0296,4.716,8.5981,0.196108,0.152177,0.598665,0.76156497
1594967694055,-45,0,0,0,-0.0379,-1.1223999,0.6401,0.0576,4.6474,8.6353,0.193233,0.149606,0.603088,0.759317
1594967694067,-45,0,0,0,-0.0379,-1.1223999,0.6401,0.0576,4.6474,8.6353,0.193233,0.149606,0.603088,0.759317
1594967694081,-45,0,0,0,-0.039699998,-1.4555,0.22999999,0.039699998,4.5586,8.6825,0.18841399,0.147688,0.605619,0.758889
1594967694097,-45,0,0,0,0.0473,-1.2228,-0.0453,0.0016,4.3651,8.7815,0.177836,0.14366,0.612045,0.757057
1594967694113,-45,0,0,0,0.0473,-1.2228,-0.0453,0.0016,4.3651,8.7815,0.177836,0.14366,0.612045,0.757057
1594967694130,-45,0,0,0,0.0888,-1.1313,-0.2812,-0.0398,4.2636,8.8310995,0.171621,0.142409,0.615451,0.755966
1594967694150,-45,0,0,0,-0.088199995,-1.1219,-0.91529995,-0.0687,4.1461997,8.8867,0.164906,0.140386,0.62043,0.753766
1594967694182,-40,0,0,0,-0.25239998,-1.2192,-2.4387,-0.0712,4.0964,8.909699,0.161865,0.139741,0.625404,0.750427
1594967694196,-40,0,0,0,-0.5155,-1.3938,-2.6796,-0.0532,4.0847,8.915299,0.161565,0.139076,0.627688,0.748706
1594967694210,-40,0,0,0,-0.5155,-1.3938,-2.6796,-0.0532,4.0847,8.915299,0.161565,0.139076,0.627688,0.748706
1594967694222,-40,0,0,0,-0.52309996,-1.4473,-2.7307,-0.0947,4.0794,8.9173,0.159298,0.141293,0.631198,0.745821
1594967694234,-40,0,0,0,-0.1197,-1.1970999,-2.8079998,-0.0764,4.1036997,8.9063,0.160275,0.142172,0.634455,0.742673
1594967694255,-40,0,0,0,-0.1197,-1.1970999,-2.8079998,-0.0764,4.1036997,8.9063,0.160275,0.142172,0.634455,0.742673
1594967694267,-40,0,0,0,0.047199998,-1.0196,-3.0228999,-0.047199998,4.2107,8.8564,0.164981,0.14569,0.637438,0.738395
1594967694279,-40,0,0,0,-0.030199999,-0.7532,-3.4173,-0.0089,4.268,8.8291,0.16818,0.14681,0.63948,0.73568
1594967694291,-40,0,0,0,-0.030199999,-0.7532,-3.4173,-0.0089,4.268,8.8291,0.16818,0.14681,0.63948,0.73568
1594967694302,-40,0,0,0,0.0257,-0.5761,-3.3153,0.033,4.4539,8.7368,0.177022,0.152347,0.639721,0.73226297
1594967694314,-40,0,0,0,0.0828,-0.29,-3.2612998,0.074099995,4.5013,8.7122,0.180028,0.152936,0.641224,0.73009
1594967694326,-40,0,0,0,0.0828,-0.29,-3.2612998,0.074099995,4.5013,8.7122,0.180028,0.152936,0.641224,0.73009
1594967694337,-40,0,0,0,0.0699,-0.1601,-2.6106,0.106599994,4.6559,8.630199,0.18732099,0.157769,0.641393,0.727071
1594967694349,-40,0,0,0,0.0699,-0.1601,-2.6106,0.106599994,4.6559,8.630199,0.18732099,0.157769,0.641393,0.727071
1594967694361,-40,0,0,0,0.009699999,0.1885,-1.6317999,0.1276,4.6700997,8.6222,0.188345,0.157833,0.642667,0.725667
1594967694373,-40,0,0,0,-0.1378,0.47149998,-0.89059997,0.138,4.7696,8.5674,0.192588,0.161522,0.643159,0.723302
1594967694385,-40,0,0,0,-0.1378,0.47149998,-0.89059997,0.138,4.7696,8.5674,0.192588,0.161522,0.643159,0.723302
1594967694396,-40,0,0,0,-0.0367,0.8652,-0.31509998,0.1839,4.7976,8.5508995,0.195132,0.161076,0.644024,0.721949
1594967694407,-40,0,0,0,-0.0367,0.8652,-0.31509998,0.1839,4.7976,8.5508995,0.195132,0.161076,0.644024,0.721949
1594967694419,-40,0,0,0,0.5933,1.2296,-0.3389,0.2699,4.9237,8.4766,0.203275,0.162756,0.643802,0.719519
1594967694430,-40,0,0,0,0.5933,1.2296,-0.3389,0.2699,4.9237,8.4766,0.203275,0.162756,0.643802,0.719519
1594967694442,-40,0,0,0,0.956,1.5744,-0.0284,0.319,4.9319997,8.470099,0.205239,0.161302,0.64425397,0.718884
1594967694454,-40,0,0,0,0.3551,1.0181999,2.0727,0.361,4.8996997,8.4871,0.20512299,0.158742,0.645603,0.718276
1594967694464,-40,0,0,0,0.3551,1.0181999,2.0727,0.361,4.8996997,8.4871,0.20512299,0.158742,0.645603,0.718276
1594967694476,-40,0,0,0,-0.56159997,1.3637999,5.2370996,0.38549998,4.8581,8.51,0.204338,0.156064,0.645479,0.719197
1594967694487,-40,0,0,0,-0.56159997,1.3637999,5.2370996,0.38549998,4.8581,8.51,0.204338,0.156064,0.645479,0.719197
1594967694499,-40,0,0,0,0.97599995,1.2547,3.9656,0.46589997,4.8396997,8.516399,0.205802,0.153055,0.648466,0.716736
1594967694511,-40,0,0,0,0.97599995,1.2547,3.9656,0.46589997,4.8396997,8.516399,0.205802,0.153055,0.648466,0.716736
1594967694521,-40,0,0,0,3.1631,1.6458,1.2261,0.5344,4.9291997,8.460899,0.21167,0.154297,0.649251,0.714045
1594967694533,-40,0,0,0,2.9728,1.4609,0.43519998,0.75439996,5.0554,8.3692,0.224628,0.151094,0.649297,0.710721
1594967694545,-40,0,0,0,2.9728,1.4609,0.43519998,0.75439996,5.0554,8.3692,0.224628,0.151094,0.649297,0.710721
1594967694556,-40,0,0,0,1.9129,-0.1907,3.1878,0.72569996,4.9221997,8.4507,0.218759,0.145859,0.646605,0.71608
1594967694568,-40,0,0,0,1.9129,-0.1907,3.1878,0.72569996,4.9221997,8.4507,0.218759,0.145859,0.646605,0.71608
1594967694579,-40,0,0,0,1.1156,-0.7162,5.1334,0.71889997,4.6138,8.6235,0.205441,0.134586,0.649709,0.719414
1594967694590,-40,0,0,0,1.1156,-0.7162,5.1334,0.71889997,4.6138,8.6235,0.205441,0.134586,0.649709,0.719414
1594967694603,-40,0,0,0,1.0827,-1.5333999,6.2145,0.70269996,4.5091,8.679999,0.201159,0.13028,0.646942,0.723897
1594967694616,-40,0,0,0,1.7047,-1.1389999,4.415,0.78679997,4.3301997,8.7635,0.196428,0.120824,0.649766,0.724307
1594967694628,-40,0,0,0,1.7047,-1.1389999,4.415,0.78679997,4.3301997,8.7635,0.196428,0.120824,0.649766,0.724307
1594967694641,-40,0,0,0,1.3779,-1.0573,0.7517,0.7998,4.3368,8.7591,0.19780199,0.119509,0.645821,0.727671
1594967694655,-40,0,0,0,0.88909996,-0.9568,-1.3851,0.867,4.2655997,8.7876,0.19756,0.113688,0.64401,0.730271
1594967694667,-40,0,0,0,0.88909996,-0.9568,-1.3851,0.867,4.2655997,8.7876,0.19756,0.113688,0.64401,0.730271
1594967694682,-40,0,0,0,0.49859998,-0.87659997,-1.2541,0.8358,4.1559,8.842999,0.1925,0.109876,0.640882,0.734942
1594967694696,-40,0,0,0,-0.034199998,-0.9151,0.123399995,0.80969995,3.9785998,8.9265995,0.184479,0.104087,0.640354,0.738294
1594967694712,-40,0,0,0,-0.034199998,-0.9151,0.123399995,0.80969995,3.9785998,8.9265995,0.184479,0.104087,0.640354,0.738294
1594967694729,-40,0,0,0,-0.2402,-0.91139996,0.1188,0.79999995,3.9257,8.9509,0.182389,0.101806,0.637558,0.741544
1594967694744,-40,0,0,0,-0.3409,-0.81839997,-1.4672999,0.80259997,3.9308,8.9484,0.183087,0.101167,0.634607,0.743987
1594967694759,-40,0,0,0,-0.3534,-0.7118,-3.0209,0.8347,3.9812,8.9230995,0.186634,0.10105,0.631728,0.74557
1594967694775,-40,0,0,0,-0.3534,-0.7118,-3.0209,0.8347,3.9812,8.9230995,0.186634,0.10105,0.631728,0.74557
1594967694790,-40,0,0,0,-0.49049997,-0.8401,-3.3888998,0.8346,4.0997,8.8693,0.19232,0.103928,0.625844,0.748685
1594967694806,-40,0,0,0,-0.65349996,-0.8495,-3.0174,0.8308,4.119,8.8607,0.193423,0.103988,0.622756,0.750964
1594967694821,-40,0,0,0,-0.39229998,-0.7334,-2.6543,0.7952,4.1893,8.830999,0.195723,0.106926,0.618695,0.753309
1594967694837,-40,0,0,0,-0.2501,-0.5507,-2.6352,0.7804,4.2321997,8.8118,0.197384,0.108436,0.6162,0.754703
1594967694853,-40,0,0,0,-0.2501,-0.5507,-2.6352,0.7804,4.2321997,8.8118,0.197384,0.108436,0.6162,0.754703
1594967694869,-40,0,0,0,-0.2819,-0.5122,-2.9417,0.7632,4.39,8.7358,0.204343,0.113301,0.610176,0.757028
1594967694885,-40,0,0,0,-0.2575,-0.2819,-3.3762999,0.7485,4.4637,8.699699,0.207566,0.11556,0.606369,0.758866
1594967694901,-40,0,0,0,-0.1987,-0.13769999,-3.1764,0.7093,4.663,8.5978,0.216015,0.122344,0.598718,0.761514
1594967694917,-40,0,0,0,-0.3559,0.1919,-2.6523,0.6606,4.6962,8.5836,0.216528,0.124378,0.594574,0.764282
1594967694933,-40,0,0,0,-0.3559,0.1919,-2.6523,0.6606,4.6962,8.5836,0.216528,0.124378,0.594574,0.764282
1594967694949,-40,0,0,0,-0.3922,0.2351,-1.8154,0.5692,4.8198,8.5213995,0.220114,0.130674,0.587568,0.767617
1594967694964,-40,0,0,0,-0.3868,0.583,-1.2121999,0.5147,4.8348,8.516399,0.219617,0.132475,0.584059,0.770125
1594967694976,-40,0,0,0,-0.3906,0.74509996,-0.73249996,0.4204,4.9277,8.4682,0.22172,0.138136,0.578236,0.772917
1594967694988,-40,0,0,0,-0.3906,0.74509996,-0.73249996,0.4204,4.9277,8.4682,0.22172,0.138136,0.578236,0.772917
1594967695000,-40,0,0,0,-0.34989998,0.8136,-0.26909998,0.35029998,4.9375997,8.4656,0.220499,0.140543,0.575092,0.775175
1594967695012,-40,0,0,0,-0.6184,0.6983,0.6648,0.24599999,4.9646997,8.4534,0.219104,0.144863,0.571341,0.777545
1594967695025,-40,0,0,0,-0.6184,0.6983,0.6648,0.24599999,4.9646997,8.4534,0.219104,0.144863,0.571341,0.777545
1594967695036,-40,0,0,0,-1.013,0.6306,2.2612998,0.1894,4.9638,8.4553995,0.217714,0.146601,0.569094,0.779255
1594967695049,-40,0,0,0,-1.013,0.6306,2.2612998,0.1894,4.9638,8.4553995,0.217714,0.146601,0.569094,0.779255
1594967695062,-40,0,0,0,-1.2666,1.7033,3.4334998,0.0605,5.0091,8.4306,0.215658,0.153782,0.569295,0.778296
1594967695075,-40,0,0,0,-0.32279998,1.8750999,1.7709,-7.0E-4,5.0825,8.3868,0.216947,0.159141,0.569546,0.776675
1594967695089,-40,0,0,0,-0.32279998,1.8750999,1.7709,-7.0E-4,5.0825,8.3868,0.216947,0.159141,0.569546,0.776675
1594967695102,-40,0,0,0,-0.559,2.1009,0.598,-0.049,5.2001,8.314199,0.221517,0.164382,0.565495,0.777253
1594967695118,-40,0,0,0,-0.67149997,0.7757,2.9587,0.0145,5.1326,8.3561,0.220867,0.158651,0.563628,0.779981
1594967695134,-40,0,0,0,-0.67149997,0.7757,2.9587,0.0145,5.1326,8.3561,0.220867,0.158651,0.563628,0.779981
1594967695149,-40,0,0,0,-0.2137,-0.45679998,6.363,0.0765,4.8350997,8.5314,0.208739,0.146443,0.567788,0.782686
1594967695164,-40,0,0,0,-0.2757,-1.3323,9.2712,0.06,4.7397,8.5849,0.203607,0.144333,0.569984,0.782834
1594967695180,-40,0,0,0,-0.5772,-1.2239,7.4739,-0.0013,4.5527,8.6858,0.19201,0.142404,0.578191,0.780094
1594967695195,-40,0,0,0,-0.5772,-1.2239,7.4739,-0.0013,4.5527,8.6858,0.19201,0.142404,0.578191,0.780094
1594967695211,-40,0,0,0,-0.4631,-0.9604,3.4176998,-0.0075,4.6521,8.6329,0.19567999,0.1468,0.580605,0.77656597
1594967695227,-40,0,0,0,-0.2375,-0.8297,0.49519998,0.0218,4.6881,8.6133995,0.197454,0.147814,0.584373,0.773091
1594967695243,-40,0,0,0,-0.0492,-1.0489,-1.3399999,0.0492,4.7211,8.5952,0.199285,0.148483,0.586802,0.770649
1594967695259,-40,0,0,0,0.0332,-1.096,-0.96269995,0.045199998,4.621,8.6495,0.19394,0.146229,0.591562,0.768802
1594967695275,-40,0,0,0,0.0332,-1.096,-0.96269995,0.045199998,4.621,8.6495,0.19394,0.146229,0.591562,0.768802
1594967695291,-40,0,0,0,7.0E-4,-0.99939996,-0.29279998,-7.0E-4,4.5341,8.695499,0.187829,0.146193,0.596433,0.76656
1594967695306,-40,0,0,0,-0.3102,-0.96419996,-0.704,-0.0526,4.4203997,8.753699,0.180544,0.145217,0.600627,0.76522
1594967695321,-40,0,0,0,-0.41689998,-0.9185,-1.6536,-0.053799998,4.404,8.7619,0.179036,0.145637,0.604726,0.76226
1594967695336,-40,0,0,0,-0.3527,-0.92649996,-2.8213,-0.0592,4.4414997,8.7429,0.180261,0.147435,0.605608,0.760925
1594967695351,-40,0,0,0,-0.3527,-0.92649996,-2.8213,-0.0592,4.4414997,8.7429,0.180261,0.147435,0.605608,0.760925
1594967695367,-40,0,0,0,-0.40489998,-1.0395,-2.7552,-0.0265,4.4368,8.7455,0.180458,0.146757,0.609105,0.758213
1594967695383,-40,0,0,0,-0.42029998,-1.221,-2.4635,-0.040599998,4.4123,8.7578,0.178525,0.146978,0.611428,0.756757
1594967695399,-40,0,0,0,-0.4091,-1.3132,-2.138,-0.0223,4.3967,8.765699,0.177789,0.146494,0.614986,0.754137
1594967695416,-40,0,0,0,-0.4091,-1.3132,-2.138,-0.0223,4.3967,8.765699,0.177789,0.146494,0.614986,0.754137
1594967695432,-40,0,0,0,-0.2619,-1.3076,-2.2781,-0.0126,4.3911,8.768499,0.177197,0.146721,0.618496,0.751356
1594967695446,-40,0,0,0,0.1494,-1.0011,-2.8135998,0.0368,4.4375997,8.745,0.180096,0.147279,0.621918,0.747724
1594967695459,-40,0,0,0,0.2771,-0.871,-3.4192,0.125,4.5920997,8.6641,0.18932,0.1497,0.622404,0.74455297
1594967695472,-40,0,0,0,0.2771,-0.871,-3.4192,0.125,4.5920997,8.6641,0.18932,0.1497,0.622404,0.74455297
1594967695486,-40,0,0,0,-0.0061,-0.82739997,-3.4329998,0.173,4.6563,8.6289,0.193023,0.150959,0.625215,0.740985
1594967695499,-40,0,0,0,-0.35869998,-0.70409995,-2.6416,0.1726,4.7587,8.5729,0.197318,0.154815,0.62476,0.73944
1594967695512,-40,0,0,0,-0.35869998,-0.70409995,-2.6416,0.1726,4.7587,8.5729,0.197318,0.154815,0.62476,0.73944
1594967695526,-40,0,0,0,-0.30879998,-0.3949,-2.2395,0.2012,4.7928,8.5532,0.199184,0.15566,0.627212,0.736682
1594967695538,-40,0,0,0,-0.058599997,0.0592,-1.9422,0.23529999,4.9172997,8.4814,0.205541,0.159123,0.626944,0.734419
1594967695552,-40,0,0,0,-0.058599997,0.0592,-1.9422,0.23529999,4.9172997,8.4814,0.205541,0.159123,0.626944,0.734419
1594967695565,-40,0,0,0,0.1714,0.557,-1.8144,0.27989998,4.9491,8.4615,0.208031,0.159071,0.628587,0.732323
1594967695579,-40,0,0,0,-0.20359999,0.85099995,-1.8535999,0.2922,5.0965,8.373099,0.215286,0.163518,0.62526,0.732094
1594967695595,-40,0,0,0,-0.20359999,0.85099995,-1.8535999,0.2922,5.0965,8.373099,0.215286,0.163518,0.62526,0.732094
1594967695610,-40,0,0,0,-0.778,0.91349995,-1.8212999,0.3272,5.0829997,8.38,0.215731,0.161847,0.626175,0.731553
1594967695626,-40,0,0,0,-0.7504,0.88619995,-0.0314,0.33879998,5.0906997,8.3749,0.21669,0.161374,0.625096,0.732295
1594967695641,-40,0,0,0,-0.4067,0.7157,3.0692,0.41689998,5.0552998,8.392799,0.217519,0.157379,0.626893,0.731383
1594967695657,-40,0,0,0,0.1653,1.5241,5.2830997,0.4921,5.0118,8.4148,0.217467,0.15385,0.630906,0.728694
1594967695673,-40,0,0,0,0.1653,1.5241,5.2830997,0.4921,5.0118,8.4148,0.217467,0.15385,0.630906,0.728694
1594967695689,-40,0,0,0,1.3579,1.8903999,3.5298998,0.5549,5.1064997,8.3537,0.22323,0.155704,0.632529,0.725142
1594967695706,-40,0,0,0,2.86,1.9038,0.55619997,0.7593,5.25,8.248,0.236334,0.153664,0.632749,0.721222
1594967695722,-40,0,0,0,2.6471,1.4620999,0.67069995,0.8153,5.2211,8.261,0.237628,0.149449,0.630221,0.723891
1594967695739,-40,0,0,0,2.1194,-0.4256,3.7533998,0.92139995,4.9511,8.414599,0.229561,0.135171,0.632773,0.727068
1594967695762,-40,0,0,0,0.8336,-1.6633999,8.2026,0.9127,4.7766,8.5159,0.222405,0.127849,0.630412,0.732646
1594967695778,-40,0,0,0,1.8123,-1.7621,10.3688,0.96379995,4.4533,8.6838,0.20977099,0.115085,0.63652,0.733206
1594967695795,-40,0,0,0,1.8123,-1.7621,10.3688,0.96379995,4.4533,8.6838,0.20977099,0.115085,0.63652,0.733206
1594967695812,-40,0,0,0,3.0447,-1.5228,6.0697,0.9769,4.5376997,8.6385,0.214003,0.117296,0.634648,0.733256
1594967695828,-40,0,0,0,2.4889,-1.2457,1.1457,1.1307,4.5744,8.6003,0.220711,0.113094,0.63575697,0.730964
1594967695843,-40,0,0,0,1.7923,-1.137,-1.2754999,1.1115,4.6717997,8.5503,0.224742,0.116374,0.631618,0.732806
1594967695858,-40,0,0,0,1.2725999,-1.1456,-1.0328,1.1506,4.6215,8.5724,0.224194,0.112526,0.630404,0.734618
1594967695875,-40,0,0,0,1.2725999,-1.1456,-1.0328,1.1506,4.6215,8.5724,0.224194,0.112526,0.630404,0.734618
1594967695892,-40,0,0,0,0.49339998,-1.3531,-0.1156,1.0472,4.5642,8.6163,0.218811,0.113183,0.626512,0.739454
1594967695908,-40,0,0,0,-0.22029999,-1.4275,-0.5769,0.95669997,4.4326,8.6952,0.21041,0.111328,0.625131,0.743333
1594967695925,-40,0,0,0,-0.5722,-1.299,-1.8047999,0.89669997,4.4216,8.7071,0.208551,0.112089,0.620881,0.747293
1594967695940,-40,0,0,0,-0.7603,-1.2430999,-2.3748,0.8199,4.4147997,8.7181,0.206478,0.113412,0.615558,0.75205797
1594967695956,-40,0,0,0,-0.7603,-1.2430999,-2.3748,0.8199,4.4147997,8.7181,0.206478,0.113412,0.615558,0.75205797
1594967695972,-40,0,0,0,-1.4958,-1.3518,-1.8672999,0.7905,4.396,8.7304,0.205354,0.112703,0.611193,0.756022
1594967695988,-40,0,0,0,-1.7378,-1.4067,-1.6621,0.6204,4.3234,8.7802,0.197166,0.115999,0.607824,0.760406
1594967696004,-40,0,0,0,-1.3615,-1.1898,-1.6316999,0.56769997,4.2927,8.7987995,0.194351,0.116659,0.606418,0.762151
1594967696020,-40,0,0,0,-0.46159998,-0.728,-1.9260999,0.4915,4.3017,8.799,0.192427,0.119762,0.605192,0.763131
1594967696036,-40,0,0,0,-0.6135,-0.36479998,-2.3393,0.4766,4.3405,8.7807,0.193732,0.121538,0.604275,0.763248
1594967696051,-40,0,0,0,-0.6135,-0.36479998,-2.3393,0.4766,4.3405,8.7807,0.193732,0.121538,0.604275,0.763248
1594967696067,-40,0,0,0,-0.8438,-0.49859998,-2.9873,0.38329998,4.4842997,8.7128,0.197549,0.129387,0.599702,0.764584
1594967696082,-40,0,0,0,-0.90819997,-0.3769,-2.9559999,0.3496,4.5098,8.701099,0.19758,0.131635,0.599478,0.764368
1594967696098,-40,0,0,0,-0.54429996,-0.3022,-2.533,0.2602,4.6117,8.6507,0.199528,0.138294,0.596651,0.764899
1594967696114,-40,0,0,0,-0.54429996,-0.3022,-2.533,0.2602,4.6117,8.6507,0.199528,0.138294,0.596651,0.764899
1594967696130,-40,0,0,0,-0.3372,-0.0347,-1.8535999,0.2197,4.6187997,8.648,0.198395,0.140401,0.597338,0.764272
1594967696146,-40,0,0,0,-0.3367,0.018299999,-1.1977999,0.1603,4.6735997,8.6198,0.199011,0.144583,0.596261,0.764173
1594967696161,-40,0,0,0,-0.0471,0.22389999,-0.3495,0.1256,4.6837997,8.6147995,0.198091,0.146705,0.597472,0.763062
1594967696177,-40,0,0,0,0.3885,0.434,-0.2023,0.101799995,4.7384,8.585199,0.199476,0.149941,0.598347,0.761385
1594967696194,-40,0,0,0,0.3885,0.434,-0.2023,0.101799995,4.7384,8.585199,0.199476,0.149941,0.598347,0.761385
1594967696207,-40,0,0,0,0.33089998,0.59389997,-0.6196,0.0319,4.7648997,8.5711,0.198068,0.154151,0.599636,0.759896
1594967696218,-40,0,0,0,0.078999996,0.49359998,-0.6666,-0.049599998,4.8554997,8.5199995,0.199145,0.161058,0.600142,0.75778
1594967696230,-40,0,0,0,0.078999996,0.49359998,-0.6666,-0.049599998,4.8554997,8.5199995,0.199145,0.161058,0.600142,0.75778
1594967696243,-40,0,0,0,0.0462,0.3294,0.2024,-0.114999995,4.8824,8.504,0.197785,0.165211,0.601788,0.755934
1594967696256,-40,0,0,0,-0.24839999,-0.20629999,1.2131,-0.1832,4.8985,8.4935,0.195284,0.16974,0.605988,0.752216
1594967696268,-40,0,0,0,-0.24839999,-0.20629999,1.2131,-0.1832,4.8985,8.4935,0.195284,0.16974,0.605988,0.752216
1594967696279,-40,0,0,0,-1.1458,0.3259,2.7724,-0.23699999,5.0136,8.4248,0.197736,0.177068,0.608526,0.747825
1594967696292,-40,0,0,0,-1.1458,0.3259,2.7724,-0.23699999,5.0136,8.4248,0.197736,0.177068,0.608526,0.747825
1594967696305,-40,0,0,0,-0.807,0.4456,0.1837,-0.3504,5.2471,8.2774,0.203059,0.191668,0.611107,0.74066
1594967696318,-40,0,0,0,-0.7813,0.88409996,-2.0568,-0.34669998,5.4364,8.1544,0.210853,0.199445,0.61201197,0.735664
1594967696331,-40,0,0,0,-0.7813,0.88409996,-2.0568,-0.34669998,5.4364,8.1544,0.210853,0.199445,0.61201197,0.735664
1594967696344,-40,0,0,0,-1.7393999,0.713,-0.653,-0.3791,5.6370997,8.0155,0.218597,0.20865,0.610414,0.732171
1594967696358,-40,0,0,0,-0.6423,-0.6805,2.8428,-0.2208,5.6382,8.020599,0.223618,0.202615,0.612007,0.731019
1594967696374,-40,0,0,0,-0.6423,-0.6805,2.8428,-0.2208,5.6382,8.020599,0.223618,0.202615,0.612007,0.731019
1594967696389,-40,0,0,0,1.8901999,-0.97129995,4.975,0.0023999999,5.4188,8.1735,0.21880999,0.188118,0.624514,0.725751
1594967696405,-40,0,0,0,2.8404999,-1.1736,7.6811,0.1113,5.3269,8.2329,0.217601,0.18134099,0.629241,0.723753
1594967696421,-40,0,0,0,1.4685999,-1.7526,7.0871,0.23789999,5.0622,8.395599,0.20864,0.168548,0.639897,0.720133
1594967696436,-40,0,0,0,0.7976,-2.0433,2.7942,0.2518,5.098,8.3735,0.210457,0.169626,0.640428,0.718878
1594967696451,-40,0,0,0,0.7976,-2.0433,2.7942,0.2518,5.098,8.3735,0.210457,0.169626,0.640428,0.718878
1594967696468,-40,0,0,0,1.03,-1.8532,0.26209998,0.32349998,5.0255,8.4148,0.208729,0.165509,0.646151,0.71521
1594967696483,-40,0,0,0,1.0526999,-1.9124,-0.7521,0.31059998,5.0357,8.4092,0.208651,0.166473,0.646293,0.714881
1594967696501,-40,0,0,0,0.89739996,-1.9739,-0.5133,0.34829998,4.8715,8.5039,0.202241,0.159741,0.651443,0.713584
1594967696515,-40,0,0,0,0.2771,-2.3439999,-0.2809,0.3017,4.8002,8.5461,0.19770999,0.158676,0.651601,0.714946
1594967696536,-65,0,0,0,0.2771,-2.3439999,-0.2809,0.3017,4.8002,8.5461,0.19770999,0.158676,0.651601,0.714946
1594967696548,-65,0,0,0,-0.1845,-2.2814999,0.7254,0.26319999,4.561,8.6774,0.185742,0.151897,0.656849,0.714825
1594967696560,-65,0,0,0,-0.242,-1.9734999,0.6588,0.24229999,4.5471997,8.6853,0.184285,0.152352,0.657636,0.714382
1594967696572,-65,0,0,0,-0.242,-1.9734999,0.6588,0.24229999,4.5471997,8.6853,0.184285,0.152352,0.657636,0.714382
1594967696582,-65,0,0,0,0.0753,-1.5363,-0.6793,0.2386,4.4628997,8.729,0.180208,0.149895,0.660686,0.713126
1594967696594,-65,0,0,0,-0.0409,-1.4007,-1.4633,0.22739999,4.4646,8.7284,0.179826,0.15045,0.660928,0.71288097
1594967696605,-65,0,0,0,-0.0409,-1.4007,-1.4633,0.22739999,4.4646,8.7284,0.179826,0.15045,0.660928,0.71288097
1594967696617,-65,0,0,0,-0.5441,-1.4186,-1.1716,0.1716,4.3647,8.78,0.173587,0.149025,0.662639,0.713139
1594967696629,-65,0,0,0,-0.5441,-1.4186,-1.1716,0.1716,4.3647,8.78,0.173587,0.149025,0.662639,0.713139
1594967696641,-65,0,0,0,-0.98149997,-1.411,-0.3418,0.15789999,4.3178,8.8034,0.17108,0.14791399,0.663589,0.71309197
1594967696652,-65,0,0,0,-0.98149997,-1.411,-0.3418,0.15789999,4.3178,8.8034,0.164954,0.145185,0.667186,0.711739
1594967696663,-65,0,0,0,-0.3376,-1.0212,0.2101,0.1318,4.2025,8.8595,0.164954,0.145185,0.667186,0.711739
1594967696676,-65,0,0,0,0.0042999997,-0.7532,-0.0359,0.133,4.1797,8.870299,0.163845,0.144547,0.668539,0.710855
1594967696688,-65,0,0,0,0.0042999997,-0.7532,-0.0359,0.133,4.1797,8.870299,0.163845,0.144547,0.668539,0.710855
1594967696699,-65,0,0,0,-0.3278,-0.5642,-0.3893,0.1122,4.1377,8.8902,0.161124,0.144087,0.670332,0.709881
1594967696711,-65,0,0,0,-0.3278,-0.5642,-0.3893,0.1122,4.1377,8.8902,0.161124,0.144087,0.670332,0.709881
1594967696724,-65,0,0,0,-0.3144,-0.3184,-0.8498,0.1085,4.1175,8.8996,0.160023,0.143648,0.671306,0.709299
1594967696737,-65,0,0,0,-0.3283,-0.1383,-0.9152,0.0734,4.1040998,8.906199,0.158128,0.144581,0.671914,0.70895797
1594967696749,-65,0,0,0,-0.3283,-0.1383,-0.9152,0.0734,4.1040998,8.906199,0.158128,0.144581,0.671914,0.70895797
1594967696762,-65,0,0,0,-0.0371,0.19039999,-0.4301,0.066599995,4.0497,8.9311,0.155526,0.143005,0.673315,0.708524
1594967696774,-65,0,0,0,0.2111,0.2241,0.2074,0.0831,4.0063,8.9505,0.154276,0.140875,0.674265,0.708321
1594967696786,-65,0,0,0,0.2111,0.2241,0.2074,0.0831,4.0063,8.9505,0.154276,0.140875,0.674265,0.708321
1594967696797,-65,0,0,0,0.37579998,0.3062,0.64489996,0.085099995,3.9536,8.9739,0.152169,0.138922,0.675173,0.708297
1594967696810,-65,0,0,0,0.37579998,0.3062,0.64489996,0.085099995,3.9536,8.9739,0.152169,0.138922,0.675173,0.708297
1594967696822,-65,0,0,0,0.21949999,0.2931,0.7678,0.0845,3.898,8.998199,0.14988,0.136938,0.675986,0.708397
1594967696833,-65,0,0,0,0.118599996,0.3682,0.60499996,0.0579,3.862,9.0139,0.147375,0.136737,0.676964,0.708027
1594967696845,-65,0,0,0,0.118599996,0.3682,0.60499996,0.0579,3.862,9.0139,0.147375,0.136737,0.676964,0.708027
1594967696858,-65,0,0,0,0.3733,0.5026,0.115899995,0.0581,3.8648999,9.0127,0.147522,0.136806,0.676801,0.708138
1594967696869,-65,0,0,0,0.3733,0.5026,0.115899995,0.0581,3.8648999,9.0127,0.147522,0.136806,0.676801,0.708138
1594967696881,-65,0,0,0,0.4766,0.63119996,-0.2166,0.0431,3.8441,9.0216,0.146142,0.136618,0.677092,0.708183
1594967696892,-65,0,0,0,0.0932,0.4784,-0.2198,0.034199998,3.8597,9.014999,0.146636,0.137318,0.675923,0.709061
1594967696904,-65,0,0,0,0.0932,0.4784,-0.2198,0.034199998,3.8597,9.014999,0.146636,0.137318,0.675923,0.709061
1594967696916,-65,0,0,0,-0.0256,0.4402,-0.2426,0.0158,3.8291998,9.0281,0.144882,0.13676,0.675612,0.709826
1594967696928,-65,0,0,0,-0.0256,0.4402,-0.2426,0.0158,3.8291998,9.0281,0.144882,0.13676,0.675612,0.709826
1594967696941,-65,0,0,0,-0.0629,0.4402,-0.45979998,-0.0056,3.8488,9.0197,0.145076,0.138101,0.674458,0.710624
1594967696954,-65,0,0,0,0.0045,0.5821,-0.43089998,-0.0045,3.8246,9.03,0.144218,0.137096,0.674367,0.711079
1594967696966,-65,0,0,0,0.0045,0.5821,-0.43089998,-0.0045,3.8246,9.03,0.144218,0.137096,0.674367,0.711079
1594967696977,-65,0,0,0,0.043399997,0.6127,-0.1933,0.0154,3.8528998,9.018,0.146266,0.137165,0.673009,0.711934
1594967696989,-65,0,0,0,0.043399997,0.6127,-0.1933,0.0154,3.8528998,9.018,0.146266,0.137165,0.673009,0.711934
1594967697001,-65,0,0,0,0.0157,0.5536,0.2845,0.033299997,3.8237,9.030399,0.145864,0.135278,0.672649,0.712717
1594967697012,-65,0,0,0,0.0157,0.5536,0.2845,0.033299997,3.8237,9.030399,0.145864,0.135278,0.672649,0.712717
1594967697025,-65,0,0,0,-0.1382,0.4525,0.6012,0.030299999,3.8070998,9.0374,0.145223,0.134646,0.672147,0.713441
1594967697039,-65,0,0,0,-0.0422,0.42229998,0.3621,0.0422,3.7979999,9.0411,0.145355,0.133789,0.67186,0.713845
1594967697052,-65,0,0,0,-0.0422,0.42229998,0.3621,0.0422,3.7979999,9.0411,0.145355,0.133789,0.67186,0.713845
1594967697065,-65,0,0,0,0.0692,0.44009998,0.2437,0.058199998,3.8195,9.032,0.146914,0.133827,0.670961,0.714364
1594967697080,-65,0,0,0,-0.059499998,0.3109,-0.0089,0.0596,3.8016,9.039599,0.146467,0.132874,0.669935,0.715596
1594967697096,-65,0,0,0,-0.059499998,0.3109,-0.0089,0.0596,3.8016,9.039599,0.146467,0.132874,0.669935,0.715596
1594967697112,-65,0,0,0,-0.2043,0.1815,0.26209998,0.0376,3.7937,9.043,0.145444,0.133339,0.669626,0.716007
1594967697130,-65,0,0,0,-0.0316,0.24229999,0.1003,0.0316,3.7819,9.0479,0.144871,0.133017,0.669148,0.71662897
1594967697147,-65,0,0,0,-0.0316,0.27019998,-0.22,0.0317,3.8128998,9.0349,0.146185,0.134067,0.668457,0.716812
1594967697164,-65,0,0,0,-0.0815,0.2823,-0.4956,0.0424,3.8105998,9.0359,0.146576,0.13346,0.667913,0.717353
1594967697180,-65,0,0,0,-0.0819,0.26459998,-0.3466,0.0427,3.8381,9.0241995,0.14776,0.134383,0.66731,0.717499
1594967697196,-65,0,0,0,-0.0819,0.26459998,-0.3466,0.0427,3.8381,9.0241995,0.14776,0.134383,0.66731,0.717499
1594967697213,-65,0,0,0,-0.095,0.26299998,-0.2226,0.046,3.8298998,9.027699,0.147528,0.133973,0.667461,0.717482
1594967697229,-65,0,0,0,-0.045599997,0.3719,-0.31419998,0.0457,3.8681,9.0114,0.149067,0.135365,0.667022,0.717311
1594967697244,-65,0,0,0,0.057299998,0.5797,-0.8249,0.050499998,3.8662,9.0121,0.14919,0.135084,0.666898,0.717454
1594967697257,-65,0,0,0,0.0050999997,0.6568,-0.9668,0.0537,3.9461,8.9774,0.152738,0.137644,0.664982,0.717999
1594967697269,-65,0,0,0,0.0050999997,0.6568,-0.9668,0.0537,3.9461,8.9774,0.152738,0.137644,0.664982,0.717999
1594967697281,-65,0,0,0,-0.146,0.6458,-0.6947,0.0578,3.9178998,8.9897995,0.151976,0.1362,0.66405,0.719297
1594967697292,-65,0,0,0,-0.2148,0.5579,-0.1568,0.0578,3.9178998,8.9897995,0.152248,0.137443,0.662887,0.720076
1594967697305,-65,0,0,0,-0.2148,0.5579,-0.1568,0.0383,3.9371,8.9815,0.152248,0.137443,0.662887,0.720076
1594967697317,-65,0,0,0,-0.24659999,0.58059996,0.0937,0.0309,3.9046,8.9957,0.15088099,0.136313,0.662107,0.721295
1594967697330,-65,0,0,0,-0.24659999,0.58059996,0.0937,0.0309,3.9046,8.9957,0.15088099,0.136313,0.662107,0.721295
1594967697343,-65,0,0,0,-0.17989999,0.547,-0.0976,0.0132,3.9383,8.981,0.151757,0.138064,0.661068,0.721731
1594967697354,-65,0,0,0,-0.076699995,0.5757,-0.1505,0.0179,3.9292,8.985,0.151691,0.137404,0.660441,0.722445
1594967697366,-65,0,0,0,-0.076699995,0.5757,-0.1505,0.0179,3.9292,8.985,0.151691,0.137404,0.660441,0.722445
1594967697379,-65,0,0,0,0.0030999999,0.5596,-0.2188,0.0164,3.9747,8.965,0.153597,0.138994,0.659425,0.722666
1594967697393,-65,0,0,0,0.0030999999,0.5596,-0.2188,0.0164,3.9747,8.965,0.153597,0.138994,0.659425,0.722666
1594967697406,-65,0,0,0,-0.0187,0.5317,-0.0473,0.0089,3.9634,8.969999,0.15296,0.138772,0.65907,0.723167
1594967697420,-65,0,0,0,-0.0265,0.4757,0.033099998,-0.0029,3.99,8.9581995,0.153727,0.140091,0.658305,0.723446
1594967697435,-65,0,0,0,-0.0265,0.4757,0.033099998,-0.0029,3.99,8.9581995,0.153727,0.140091,0.658305,0.723446
1594967697450,-65,0,0,0,0.0385,0.5064,0.0030999999,-0.009099999,3.9887,8.9587,0.153448,0.140293,0.65836,0.723417
1594967697467,-65,0,0,0,0.1241,0.44939998,-0.1566,-0.0064,4.0260997,8.941999,0.155163,0.141445,0.657505,0.723605
1594967697483,-65,0,0,0,0.14819999,0.394,-0.1582,-0.0109,4.0227,8.9435,0.154936,0.141417,0.657173,0.72396
1594967697499,-65,0,0,0,0.1652,0.3509,-0.0887,-0.0083,4.0462,8.932899,0.156088,0.142062,0.656439,0.724252
1594967697513,-65,0,0,0,0.1652,0.3509,-0.0887,-0.0083,4.0462,8.932899,0.156088,0.142062,0.656439,0.724252
1594967697526,-65,0,0,0,0.012999999,0.25149998,-0.0337,-0.0131,4.0378,8.9367,0.155756,0.141739,0.6556,0.725147
1594967697539,-65,0,0,0,0.015,0.19569999,-0.0262,-0.0150999995,4.0543,8.9292,0.156452,0.14232,0.654986,0.725438
1594967697552,-65,0,0,0,0.015,0.19569999,-0.0262,-0.0150999995,4.0543,8.9292,0.156452,0.14232,0.654986,0.725438
1594967697566,-65,0,0,0,-0.0064,0.1788,-0.204,-0.0132,4.0516,8.9305,0.156566,0.141971,0.654196,0.726194
1594967697580,-65,0,0,0,0.028099999,0.1915,-0.36839998,-0.0084999995,4.0780997,8.9184,0.157946,0.142613,0.653293,0.726582
1594967697592,-65,0,0,0,0.028099999,0.1915,-0.36839998,-0.0084999995,4.0780997,8.9184,0.157946,0.142613,0.653293,0.726582
1594967697605,-65,0,0,0,0.0056,0.2032,-0.2364,-0.0056,4.0664,8.923699,0.157776,0.141845,0.652337,0.727627
1594967697618,-65,0,0,0,-0.0971,0.13499999,-0.14389999,-0.0106999995,4.0758,8.919499,0.158091,0.142258,0.651685,0.728062
1594967697629,-65,0,0,0,-0.0971,0.13499999,-0.14389999,-0.0106999995,4.0758,8.919499,0.158091,0.142258,0.651685,0.728062
1594967697640,-65,0,0,0,-0.20099999,0.1299,-0.091699995,-0.0047999998,4.0611997,8.9261,0.157905,0.141274,0.650761,0.72912
1594967697652,-65,0,0,0,-0.0187,0.1311,-0.058399998,-8.0E-4,4.0699,8.9222,0.158439,0.141386,0.650471,0.729242
1594967697664,-65,0,0,0,-0.0187,0.1311,-0.058399998,-8.0E-4,4.0699,8.9222,0.158439,0.141386,0.650471,0.729242
1594967697676,-65,0,0,0,-0.0055,0.40289998,-0.081199996,0.0055,4.0629,8.9254,0.158519,0.140718,0.649776,0.729972
1594967697688,-65,0,0,0,-0.0055,0.40289998,-0.081199996,0.0055,4.0629,8.9254,0.158519,0.140718,0.649776,0.729972
1594967697699,-65,0,0,0,-0.006,0.39479998,-0.3092,0.006,4.1004,8.908199,0.160214,0.141904,0.648758,0.730278
1594967697710,-65,0,0,0,-0.006,0.39479998,-0.3092,0.006,4.1004,8.908199,0.160214,0.141904,0.648758,0.730278
1594967697722,-65,0,0,0,0.012999999,0.5072,-0.14899999,0.0064999997,4.0861,8.9148,0.159763,0.141231,0.648259,0.73095
1594967697734,-65,0,0,0,0.1898,0.4813,-0.029199999,0.015999999,4.112,8.9028,0.161258,0.14168599,0.647527,0.731183
1594967697747,-65,0,0,0,0.1898,0.4813,-0.029199999,0.015999999,4.112,8.9028,0.161258,0.14168599,0.647527,0.731183
1594967697760,-65,0,0,0,0.18859999,0.51489997,0.1113,0.0173,4.098,8.9093,0.160956,0.140865,0.646443,0.732366
1594967697773,-65,0,0,0,0.0061,0.4603,-0.0686,0.0134,4.133,8.8931,0.162471,0.142048,0.645085,0.733001
1594967697787,-65,0,0,0,0.0061,0.4603,-0.0686,0.0134,4.133,8.8931,0.162471,0.142048,0.645085,0.733001
1594967697800,-65,0,0,0,0.009699999,0.53999996,-0.2208,0.0098,4.1219997,8.8982,0.162157,0.141489,0.643803,0.734304
1594967697814,-65,0,0,0,0.009699999,0.53999996,-0.2208,0.0098,4.1219997,8.8982,0.162157,0.141489,0.643803,0.734304
1594967697829,-65,0,0,0,-0.0014,0.463,-0.213,0.0014,4.1597,8.8806,0.163619,0.142966,0.642516,0.73482
1594967697845,-65,0,0,0,0.031,0.41189998,-0.2656,-0.0015,4.152,8.8842,0.16338,0.142597,0.641634,0.735715
1594967697860,-65,0,0,0,0.0849,0.3148,-0.1542,0.0033,4.1805,8.8709,0.164879,0.143257,0.640628,0.73613
1594967697876,-65,0,0,0,-0.0033,0.369,-0.0442,0.0033,4.1851,8.8687,0.165123,0.14336699,0.640326,0.736316
1594967697891,-65,0,0,0,-0.0033,0.369,-0.0442,0.0033,4.1851,8.8687,0.165123,0.14336699,0.640326,0.736316
1594967697907,-65,0,0,0,0.0026,0.37379998,-0.31739998,-0.0026,4.2293997,8.8477,0.166923,0.145008,0.639118,0.736638
1594967697923,-65,0,0,0,0.045599997,0.43719998,-0.5651,-0.0064,4.2444,8.8405,0.167357,0.145776,0.639323,0.73621
1594967697941,-65,0,0,0,0.0061,0.4175,-0.4335,-0.0061,4.2936,8.8167,0.169616,0.147313,0.637903,0.736619
1594967697957,-65,0,0,0,-0.005,0.33769998,-0.2219,-0.0047,4.2851,8.8208,0.169472,0.146764,0.637165,0.7374
1594967697972,-65,0,0,0,-0.005,0.33769998,-0.2219,-0.0047,4.2851,8.8208,0.169472,0.146764,0.637165,0.7374
1594967697988,-65,0,0,0,0.0267,0.2773,-5.9999997E-4,-0.0069999998,4.2964997,8.8153,0.169957,0.147167,0.636628,0.737672
1594967698004,-65,0,0,0,0.026999999,0.259,-0.0354,-0.0074,4.2855,8.8207,0.1696,0.146646,0.636132,0.738286
1594967698020,-65,0,0,0,0.1252,0.2304,-0.14389999,0.0022,4.3041997,8.8115,0.170772,0.146875,0.635701,0.738341
1594967698036,-65,0,0,0,0.096,0.2631,0.055499997,0.0018999999,4.2911,8.8179,0.170354,0.146251,0.635099,0.739079
1594967698052,-65,0,0,0,0.096,0.2631,0.055499997,0.0018999999,4.2911,8.8179,0.170354,0.146251,0.635099,0.739079
1594967698068,-65,0,0,0,0.020299999,0.2777,0.092199996,-7.0E-4,4.3059998,8.810699,0.170897,0.14687599,0.634899,0.739002
1594967698084,-65,0,0,0,0.029399998,0.3083,-0.0358,0.0,4.3048,8.8112,0.170938,0.14672899,0.634582,0.739293
1594967698100,-65,0,0,0,0.026099999,0.3331,-0.0975,0.0032,4.3389,8.794499,0.172527,0.147775,0.634072,0.739154
1594967698116,-65,0,0,0,0.026099999,0.3331,-0.0975,0.0032,4.3389,8.794499,0.172527,0.147775,0.634072,0.739154
1594967698133,-65,0,0,0,0.020399999,0.27899998,-0.1637,0.009,4.344,8.792,0.172964,0.147696,0.633888,0.739225
1594967698150,-65,0,0,0,0.1463,0.25419998,-0.2936,0.020299999,4.3786,8.774799,0.174833,0.148465,0.633479,0.738982
1594967698166,-65,0,0,0,0.2048,0.3089,-0.3504,0.0207,4.3827,8.772699,0.175013,0.14860299,0.633462,0.738926
1594967698181,-65,0,0,0,0.14649999,0.29369998,-0.3132,0.03,4.4175997,8.755199,0.176908,0.149365,0.632624,0.739039
1594967698197,-65,0,0,0,0.0659,0.23539999,-0.0879,0.0321,4.417,8.7554,0.17707899,0.149121,0.632044,0.739543
1594967698212,-65,0,0,0,0.0659,0.23539999,-0.0879,0.0321,4.417,8.7554,0.17707899,0.149121,0.632044,0.739543
1594967698228,-65,0,0,0,-0.028299998,0.092099994,-0.099599995,0.028299998,4.4329,8.747499,0.177711,0.149732,0.631445,0.73978
1594967698243,-65,0,0,0,-0.0278,-0.0013,-0.18519999,0.0279,4.4381,8.7448,0.178016,0.149819,0.630906,0.740149
1594967698259,-65,0,0,0,0.0089,-0.0503,-0.1017,0.030299999,4.4479,8.7397995,0.178535,0.150052,0.630717,0.740138
1594967698275,-65,0,0,0,0.0089,-0.0503,-0.1017,0.030299999,4.4479,8.7397995,0.178535,0.150052,0.630717,0.740138
1594967698291,-65,0,0,0,-0.0326,-0.0297,-0.2541,0.0326,4.4567,8.7353,0.179121,0.150119,0.629985,0.740606
1594967698306,-65,0,0,0,-0.0945,-0.1314,-0.4678,0.025899999,4.4799,8.7234,0.17995,0.15114,0.629434,0.740666
1594967698323,-65,0,0,0,-0.0379,-0.1319,-0.5115,0.028099999,4.4902997,8.7181,0.180503,0.151378,0.62916,0.740716
1594967698338,-65,0,0,0,0.051999997,-0.2243,-0.36229998,0.036199998,4.4944,8.716,0.180931,0.15122999,0.629224,0.740587
1594967698354,-65,0,0,0,0.051999997,-0.2243,-0.36229998,0.036199998,4.4944,8.716,0.180931,0.15122999,0.629224,0.740587
1594967698370,-65,0,0,0,0.0178,-0.1973,-0.1257,0.040999997,4.4968,8.7147,0.181245,0.15107,0.628973,0.740756
1594967698386,-65,0,0,0,-0.0409,-0.1563,-0.1462,0.0409,4.4951,8.7156,0.181165,0.151011,0.629001,0.740763
1594967698401,-65,0,0,0,-0.0435,-0.045399997,-0.3145,0.0436,4.492,8.717199,0.181223,0.150678,0.628546,0.741204
1594967698416,-65,0,0,0,0.023,-0.0157,-0.32909998,0.045599997,4.5016,8.7122,0.181715,0.150922,0.628375,0.741179
1594967698431,-65,0,0,0,0.023,-0.0157,-0.32909998,0.045599997,4.5016,8.7122,0.181715,0.150922,0.628375,0.741179
1594967698446,-65,0,0,0,0.0123,-0.0234,-0.1195,0.0464,4.4897,8.7184,0.181319,0.150359,0.62808,0.74164
1594967698461,-65,0,0,0,-0.1092,-0.098299995,0.13319999,0.040599998,4.4665,8.7303,0.180144,0.149749,0.628245,0.74191
1594967698477,-65,0,0,0,-0.1505,-0.0823,0.14469999,0.0426,4.4504,8.7385,0.179621,0.14898,0.627928,0.742459
1594967698494,-65,0,0,0,-0.1505,-0.0823,0.14469999,0.0426,4.4504,8.7385,0.179621,0.14898,0.627928,0.742459
1594967698510,-65,0,0,0,-0.0512,-0.0309,0.030599998,0.0414,4.4382997,8.7446995,0.179034,0.14863,0.628186,0.742453
1594967698527,-65,0,0,0,-0.0349,0.015,0.1007,0.0447,4.4217,8.752999,0.178457,0.147885,0.62825197,0.742685
1594967698546,-65,0,0,0,0.0363,0.0199,0.2306,0.0519,4.407,8.7604,0.177996,0.147166,0.62878,0.742491
1594967698562,-65,0,0,0,0.1204,0.1366,0.0791,0.0561,4.3981,8.7648,0.177806,0.146629,0.628634,0.742767
1594967698578,-65,0,0,0,0.0755,0.1358,-0.141,0.061699998,4.4087,8.7595,0.178447,0.14678,0.628527,0.742674
1594967698595,-65,0,0,0,0.0755,0.1358,-0.141,0.061699998,4.4087,8.7595,0.178447,0.14678,0.628527,0.742674
1594967698616,-65,0,0,0,0.0596,0.1432,-0.4046,0.0581,4.3915,8.7682,0.177662,0.146225,0.628324,0.743143
1594967698632,-65,0,0,0,0.0669,0.2025,0.14909999,0.0605,4.3812,8.7733,0.177309,0.145762,0.62841797,0.743239
1594967698649,-65,0,0,0,0.22489999,0.087,0.2511,0.0594,4.3693,8.7792,0.17679,0.145348,0.628394,0.743464
1594967698664,-65,0,0,0,0.1748,0.2085,0.053099997,0.0704,4.3851,8.771299,0.17786,0.14544,0.628109,0.743432
1594967698680,-65,0,0,0,0.15089999,0.1806,-0.40359998,0.074599996,4.3933,8.767099,0.178417,0.145485,0.627709,0.743627
1594967698695,-65,0,0,0,0.15089999,0.1806,-0.40359998,0.074599996,4.3933,8.767099,0.178417,0.145485,0.627709,0.743627
1594967698710,-65,0,0,0,0.1987,0.14829999,-0.5147,0.085599996,4.4256997,8.7507,0.180301,0.146033,0.626735,0.743887
1594967698725,-65,0,0,0,0.2881,0.233,-0.3414,0.0845,4.4193997,8.7539,0.180171,0.145638,0.625899,0.744699
1594967698740,-65,0,0,0,0.1302,0.105399996,0.051,0.0954,4.4195,8.753699,0.180722,0.144984,0.624974,0.74547
1594967698757,-65,0,0,0,0.1302,0.105399996,0.051,0.0954,4.4195,8.753699,0.180722,0.144984,0.624974,0.74547
1594967698773,-65,0,0,0,-0.078999996,0.0453,0.14479999,0.098699994,4.411,8.757999,0.18076,0.144187,0.623551,0.746805
1594967698789,-65,0,0,0,-0.1935,0.0187,0.0844,0.0857,4.4080997,8.7596,0.180446,0.144299,0.622315,0.74789
1594967698805,-65,0,0,0,-0.0698,0.0019999999,0.0633,0.089499995,4.4052,8.761,0.180688,0.143743,0.621088,0.748958
1594967698817,-65,0,0,0,0.0477,0.0313,0.22039999,0.0993,4.4052997,8.760799,0.18111,0.143239,0.620626,0.749336
1594967698841,-62,0,0,0,-0.1086,0.0058,0.145,0.1087,4.4112997,8.7577,0.181958,0.142717,0.6191,0.750491
1594967698853,-62,0,0,0,-0.2728,-0.0348,-0.0993,0.0963,4.4323997,8.7472,0.182668,0.143687,0.617799,0.751205
1594967698865,-62,0,0,0,-0.2728,-0.0348,-0.0993,0.0963,4.4323997,8.7472,0.182668,0.143687,0.617799,0.751205
1594967698876,-62,0,0,0,-0.3376,0.0128999995,-0.1917,0.102299996,4.4434,8.7416,0.183555,0.14355999,0.616592,0.752004
1594967698887,-62,0,0,0,-0.3376,0.0128999995,-0.1917,0.102299996,4.4434,8.7416,0.183555,0.14355999,0.616592,0.752004
1594967698899,-62,0,0,0,-0.2864,0.028299998,-0.1601,0.0903,4.4672,8.7295,0.18430799,0.144725,0.615736,0.752298
1594967698911,-62,0,0,0,-0.2864,0.028299998,-0.1601,0.0903,4.4672,8.7295,0.18430799,0.144725,0.615736,0.752298
1594967698922,-62,0,0,0,-0.1275,0.0179,-0.2428,0.107999995,4.4776,8.724,0.185428,0.14427,0.615214,0.752538
1594967698934,-62,0,0,0,-0.0831,-0.0082,-0.0235,0.12239999,4.4842997,8.7204,0.186263,0.143832,0.614799,0.752754
1594967698945,-62,0,0,0,-0.0831,-0.0082,-0.0235,0.12239999,4.4842997,8.7204,0.186263,0.143832,0.614799,0.752754
1594967698957,-62,0,0,0,-0.1312,-0.030199999,0.1739,0.1313,4.4866,8.7191,0.18665,0.143565,0.614822,0.752691
1594967698968,-62,0,0,0,-0.1312,-0.030199999,0.1739,0.1313,4.4866,8.7191,0.18665,0.143565,0.614822,0.752691
1594967698980,-62,0,0,0,-0.15709999,0.0064,0.067099996,0.1179,4.4892,8.717899,0.186319,0.144191,0.614785,0.752683
1594967698991,-62,0,0,0,-0.15709999,0.0064,0.067099996,0.1179,4.4892,8.717899,0.186319,0.144191,0.614785,0.752683
1594967699003,-62,0,0,0,-0.2665,0.0784,-0.041899998,0.1293,4.5053997,8.7094,0.187364,0.144351,0.614836,0.752352
1594967699015,-62,0,0,0,-0.121199995,0.080699995,-0.15529999,0.1312,4.5326,8.6953,0.188596,0.145237,0.614622,0.752048
1594967699027,-62,0,0,0,-0.121199995,0.080699995,-0.15529999,0.1312,4.5326,8.6953,0.188596,0.145237,0.614622,0.752048
1594967699039,-62,0,0,0,-0.0455,0.042799998,-0.30769998,0.1339,4.5411,8.6908,0.188994,0.145505,0.614862,0.7517
1594967699052,-62,0,0,0,-0.0455,0.042799998,-0.30769998,0.1339,4.5411,8.6908,0.188994,0.145505,0.614862,0.7517
1594967699065,-62,0,0,0,-0.0244,0.0655,-0.2599,0.13239999,4.5576,8.6821995,0.189631,0.146186,0.614867,0.751403
1594967699079,-62,0,0,0,-0.0039999997,0.12,-0.10569999,0.1414,4.5522,8.6848,0.189752,0.145559,0.614628,0.75169
1594967699092,-62,0,0,0,-0.0039999997,0.12,-0.10569999,0.1414,4.5522,8.6848,0.189752,0.145559,0.614628,0.75169
1594967699107,-62,0,0,0,-0.0426,0.115899995,0.1417,0.1506,4.5562,8.6826,0.190247,0.145311,0.61452,0.751701
1594967699120,-62,0,0,0,-0.049999997,0.0,0.21939999,0.15799999,4.5545,8.6833,0.190474,0.144877,0.614251,0.751947
1594967699136,-62,0,0,0,-0.049999997,0.0,0.21939999,0.15799999,4.5545,8.6833,0.190474,0.144877,0.614251,0.751947
1594967699152,-62,0,0,0,-0.0199,-0.0641,0.2563,0.1573,4.5501,8.685699,0.190134,0.144912,0.614936,0.751466
1594967699168,-62,0,0,0,0.1241,0.0128,0.0268,0.1603,4.5613,8.6797,0.190707,0.145205,0.614908,0.751288
1594967699184,-62,0,0,0,0.0105,0.078999996,-0.18169999,0.166,4.5931997,8.6628,0.19228,0.146102,0.614635,0.750936
1594967699200,-62,0,0,0,-0.083399996,0.0546,-0.35029998,0.1718,4.6078,8.6549,0.193121,0.146367,0.61443,0.750836
1594967699216,-62,0,0,0,0.0405,0.0311,-0.33769998,0.1753,4.6314,8.6423,0.194227,0.147104,0.614392,0.750438
1594967699231,-62,0,0,0,0.0405,0.0311,-0.33769998,0.1753,4.6314,8.6423,0.194227,0.147104,0.614392,0.750438
1594967699247,-62,0,0,0,0.0689,0.0316,-0.2889,0.17629999,4.6309,8.6425,0.194234,0.147054,0.614434,0.750412
1594967699263,-62,0,0,0,0.1019,0.109299995,-0.29749998,0.18259999,4.6512,8.6315,0.1953,0.147554,0.61438197,0.750079
1594967699279,-62,0,0,0,0.1105,0.1645,-0.2713,0.1837,4.6451,8.6347,0.195172,0.14716,0.613933,0.750558
1594967699294,-62,0,0,0,0.1105,0.1645,-0.2713,0.1837,4.6451,8.6347,0.195172,0.14716,0.613933,0.750558
1594967699310,-62,0,0,0,-0.016999999,0.123799995,-0.078999996,0.1839,4.6563,8.6287,0.195731,0.147465,0.613507,0.750701
1594967699326,-62,0,0,0,-0.0796,0.068799995,0.0857,0.1876,4.6524997,8.6306,0.195775,0.147067,0.613102,0.751097
1594967699342,-62,0,0,0,-0.057,0.063999996,0.058799997,0.1846,4.6573,8.628099,0.195896,0.147344,0.613006,0.751091
1594967699358,-62,0,0,0,-0.015899999,0.0876,-0.11449999,0.1828,4.6631,8.625,0.196036,0.147696,0.613221,0.750809
1594967699375,-62,0,0,0,-0.015899999,0.0876,-0.11449999,0.1828,4.6631,8.625,0.196036,0.147696,0.613221,0.750809
1594967699391,-62,0,0,0,0.0447,0.1393,-0.1152,0.1809,4.6801,8.6159,0.196723,0.14836,0.61302,0.750663
1594967699407,-62,0,0,0,0.031999998,0.0775,0.062699996,0.174,4.683,8.6144,0.196597,0.148775,0.613113,0.750538
1594967699423,-62,0,0,0,-0.1557,0.0275,-0.039499998,0.1559,4.6939,8.6089,0.196535,0.149805,0.612664,0.750715
1594967699439,-62,0,0,0,-0.1537,-0.0367,-0.2568,0.1538,4.7091,8.6006,0.197153,0.150402,0.61242497,0.750629
1594967699452,-62,0,0,0,-0.1537,-0.0367,-0.2568,0.1538,4.7091,8.6006,0.197153,0.150402,0.61242497,0.750629
1594967699465,-62,0,0,0,-0.024899999,-0.0486,-0.33319998,0.1525,4.7307997,8.588699,0.198081,0.151201,0.612126,0.750468
1594967699479,-62,0,0,0,-0.020499999,0.0361,-0.2333,0.1481,4.7342,8.5869,0.198015,0.151591,0.612428,0.75016
1594967699492,-62,0,0,0,-0.020499999,0.0361,-0.2333,0.1481,4.7342,8.5869,0.198015,0.151591,0.612428,0.75016
1594967699506,-62,0,0,0,0.0077,-0.006,-0.1237,0.14919999,4.7373,8.585199,0.19814199,0.151708,0.612611,0.749953
1594967699520,-62,0,0,0,0.0064999997,-0.048899997,0.0253,0.1505,4.7409,8.583099,0.198289,0.151858,0.612845,0.749693
1594967699536,-62,0,0,0,0.0064999997,-0.048899997,0.0253,0.1505,4.7409,8.583099,0.198289,0.151858,0.612845,0.749693
1594967699552,-62,0,0,0,-0.1302,-0.0206,-0.086399995,0.1401,4.7518997,8.5772,0.198393,0.152708,0.612899,0.749449
1594967699567,-62,0,0,0,-0.0548,0.0266,-0.3208,0.1432,4.7535996,8.5762,0.1986,0.152606,0.612732,0.749551
1594967699582,-62,0,0,0,-0.0667,0.0634,-0.1864,0.1453,4.7658997,8.5694,0.19921,0.15295699,0.612613,0.749415
1594967699598,-62,0,0,0,0.0537,0.0771,-0.0075999997,0.1522,4.7521,8.5769,0.198945,0.152045,0.612217,0.749995
1594967699613,-62,0,0,0,0.0537,0.0771,-0.0075999997,0.1522,4.7521,8.5769,0.198945,0.152045,0.612217,0.749995
1594967699630,-62,0,0,0,0.0251,0.0585,0.2119,0.1514,4.7414,8.5829,0.198381,0.151781,0.612642,0.74985
1594967699648,-62,0,0,0,-0.132,0.0021,0.1757,0.15179999,4.729,8.5897,0.197938,0.151219,0.612336,0.750331
1594967699666,-62,0,0,0,0.029,0.0088,0.113199994,0.1574,4.7223,8.5933,0.197728,0.150887,0.612907,0.749987
1594967699682,-62,0,0,0,0.1857,0.016099999,0.046,0.1575,4.7248,8.5919,0.197754,0.151089,0.613335,0.74959
1594967699698,-62,0,0,0,0.0729,0.043899998,-0.0358,0.1625,4.7363,8.5855,0.198358,0.151374,0.613527,0.749215
1594967699714,-62,0,0,0,0.0729,0.043899998,-0.0358,0.1625,4.7363,8.5855,0.198358,0.151374,0.613527,0.749215
1594967699731,-62,0,0,0,0.0513,0.0109,-0.2049,0.1645,4.7497,8.578,0.198912,0.151901,0.613897,0.748658
1594967699747,-62,0,0,0,0.028199999,0.0404,-0.4631,0.168,4.7791,8.5616,0.20031899,0.152802,0.613599,0.748344
1594967699763,-62,0,0,0,0.1822,0.1303,-0.38549998,0.1709,4.7774,8.5625,0.200311,0.15267,0.61379,0.748217
1594967699780,-62,0,0,0,0.1865,0.0717,-0.0813,0.1862,4.7771,8.5623,0.20076899,0.152093,0.613991,0.748046
1594967699796,-62,0,0,0,0.1865,0.0717,-0.0813,0.1862,4.7771,8.5623,0.20076899,0.152093,0.613991,0.748046
1594967699809,-62,0,0,0,0.0672,0.048899997,0.0032,0.18789999,4.7704997,8.566,0.200535,0.151789,0.614048,0.748124
1594967699822,-62,0,0,0,-0.0098,0.0063,-0.15179999,0.1865,4.7739,8.564099,0.200697,0.151885,0.613712,0.748337
1594967699833,-62,0,0,0,-0.12539999,0.0284,-0.17279999,0.18439999,4.7715,8.5655,0.20054,0.15186,0.613651,0.748434
1594967699846,-62,0,0,0,-0.12539999,0.0284,-0.17279999,0.18439999,4.7715,8.5655,0.20054,0.15186,0.613651,0.748434
1594967699858,-62,0,0,0,-0.1733,-0.030399999,0.0078,0.1735,4.7616997,8.571199,0.199797,0.151883,0.613486,0.748763
1594967699870,-62,0,0,0,-0.1733,-0.030399999,0.0078,0.1735,4.7616997,8.571199,0.199797,0.151883,0.613486,0.748763
1594967699882,-62,0,0,0,-0.1073,-0.0739,0.2303,0.1761,4.7560997,8.5742,0.199562,0.151684,0.613925,0.748506
1594967699893,-62,0,0,0,-0.0016999999,-0.039499998,0.1829,0.1784,4.7413,8.582399,0.198923,0.151152,0.614404,0.748391
1594967699906,-62,0,0,0,-0.0016999999,-0.039499998,0.1829,0.1784,4.7413,8.582399,0.198923,0.151152,0.614404,0.748391
1594967699917,-62,0,0,0,2.0E-4,0.0268,0.076299995,0.17639999,4.7436,8.5812,0.198878,0.151419,0.614776,0.748043
1594967699930,-62,0,0,0,2.0E-4,0.0268,0.076299995,0.17639999,4.7436,8.5812,0.198878,0.151419,0.614776,0.748043
1594967699944,-62,0,0,0,-0.0442,-4.9999997E-4,-0.0371,0.1718,4.7514,8.5769,0.199068,0.151881,0.614692,0.747968
1594967699957,-62,0,0,0,-0.1519,0.0103,-0.0911,0.1716,4.7601,8.5721,0.199438,0.152203,0.614624,0.74786
1594967699972,-62,0,0,0,-0.1519,0.0103,-0.0911,0.1716,4.7601,8.5721,0.199438,0.152203,0.614624,0.74786
1594967699988,-62,0,0,0,-0.0033,-0.009,-0.075899996,0.17009999,4.7697997,8.5668,0.199812,0.152607,0.614528,0.747757
1594967700005,-62,0,0,0,0.1894,-0.0358,0.0845,0.1539,4.7769,8.5631,0.199637,0.153447,0.614188,0.747911
1594967700021,-62,0,0,0,0.046699997,0.0534,-0.0761,0.1495,4.8052998,8.547299,0.20086099,0.154475,0.613303,0.748098
1594967700036,-62,0,0,0,-0.5439,-0.032199997,-0.17819999,0.1714,4.8322,8.5317,0.202922,0.154358,0.612334,0.748359
1594967700051,-62,0,0,0,-0.5439,-0.032199997,-0.17819999,0.1714,4.8322,8.5317,0.202922,0.154358,0.612334,0.748359
1594967700068,-62,0,0,0,-0.0425,-0.1108,-0.2546,0.1996,4.8519998,8.5198,0.204759,0.153883,0.612013,0.74822
1594967700079,-62,0,0,0,-0.061499998,-0.0175,0.0819,0.21859999,4.8568,8.5166,0.205588,0.153309,0.612066,0.748067
1594967700091,-62,0,0,0,-0.061499998,-0.0175,0.0819,0.21859999,4.8568,8.5166,0.205588,0.153309,0.612066,0.748067
1594967700103,-62,0,0,0,0.0285,-0.0109,-0.2006,0.21679999,4.8599997,8.5148,0.205566,0.153636,0.612536,0.74762
1594967700115,-62,0,0,0,-0.060999997,-0.0918,-0.122499995,0.19849999,4.8427997,8.5251,0.204068,0.153934,0.613326,0.747322
